"HolderAddress","Quantity","PendingBalanceUpdate"
"0xfb49a2434a772480416a7d470c60719cdf4c22e8","300","No"
"0x59fa20c434e38c08e05c93578cf6180f8716eb9c","106","No"
"0xdedbc72e7e610235421a55ced1d2277409320faf","100","No"
"0x445c7460aa27bf507dd23848af3f34208e1a365c","54","No"
"0x6dcbd8e866e2586c416d3e4a5b2e422f90e9e5a1","52","No"
"0x10cb5603ce715dfe48ef657adf255a2cd62364e2","50","No"
"0x18925488f1a734eab7f1ca3c9debb063d68ab9af","50","No"
"0x281c63f05c75901a8e2d5980169d3c0d856603d4","50","No"
"0x426e61adcf19ff22e328d85929b252f03ff5f195","50","No"
"0x7acd7c3f8128bdd1b32557f0ed5ff3c422e146f7","50","No"
"0xc12d0ff3aa9c14940a8ba4ff83a1c54b74c4d4e7","50","No"
"0xc5698707af5fd5f6f95adc5d17eea70126278eec","50","No"
"0xc60cdc8222d0f857b17de5a9060e21155818b349","50","No"
"0xcf39b58d76d41fd076476e4249c1e4a321423c3f","50","No"
"0xeaf015ef08271df12aae87f818bc4ab44aa491fb","50","No"
"0x2fc866646e15868e67a57c6474e9d14c8d7e7318","47","No"
"0x82419d74a363aaa0cad73f7342ccf1bd50e56839","45","No"
"0x3837c1afe017696b0b66224d2de213c4e1651ca6","34","No"
"0xe085ce1405cce26dd73899c034605062d40958f1","33","No"
"0x12df99e6326597717f37405f9855d018363e5ea1","32","No"
"0x1ae483291b9f999632c19a3b234598148a02b4f6","30","No"
"0x5203569263a3b5b447ba639858a9e9768bb7d147","30","No"
"0x646629f7363b26dac072238a77ee5e462e2b0097","30","No"
"0xb31650a68d79164afa7141ffabe288261a27c12e","30","No"
"0xbd75d56c9c3b146b9b1f23afb898680d48641850","29","No"
"0x80a711d2598d5c22704aab78977663a86432638a","23","No"
"0xdd0199261ccaa04ec85b8463f22997bf30a5a174","23","No"
"0x273ab917552627a8e90c57506105a7841c661dba","22","No"
"0xc39da4d109b30b7f0a3e1d383acb528488a3fe8a","22","No"
"0x65375f91a2159e472a9f3df8884dd94c5d697703","21","No"
"0x66143651495a1ccbfd2f708af8336c580935349a","21","No"
"0x7da93c40324089cbf5e41bbd2f89cfb97641ddad","21","No"
"0xaccbfc970756e376bb8110a736064dbbfab4cdbe","21","No"
"0xc34996524dd6f8c749ae7f944c720064da50f4dc","21","No"
"0xe4acf3924130a9d2c0dcd8a458042aaeecd0fa84","21","No"
"0x0a0378ded4dbcee717de3e10d9064b0f8982c817","20","No"
"0x1d6f7fd3d3c3750234e6116c1e300df63e52dd96","20","No"
"0x3baa6436a205abdabc8506e64170b63310e4508c","20","No"
"0x4eb90e656c0f8adc7205b7e3ec729ea371c678a0","20","No"
"0x5a13434e6416798ee8162d994c4f591f1c12bf50","20","No"
"0x709eb29f076699f75db1de286a46520334d63ef5","20","No"
"0x831d74067e6072574c9a89268db4e77dd4694592","20","No"
"0xa55fafecf21b6980fbbd78921b3fb47c5dca9e12","20","No"
"0xaaa056168b01502f72a2add448daa728b5f090f1","20","No"
"0xab39fd7c05d6dddaf8eab5db622d78503f83fd19","20","No"
"0xbc9c7d14055ce54bbd8fd5f4873dbf54b055b961","20","No"
"0xcea525ee12e751379e3b0e8fe4a737e8a8d15622","20","No"
"0xe80d9d588d534d92f4011bfbf4f5d8cc6387d5e4","20","No"
"0xf0669ef23b776bb5998920647996bb3a137ca52a","20","No"
"0xf07a922e502e319e4807e297613ec6c6ce346107","20","No"
"0xfb784f18ec0387baba727ef1df6a470fcc02e6a7","20","No"
"0xda8c16ba1faa78886221d5808e9cca6013b07e60","19","No"
"0xac26715669c961ae9d50952eede66549930ed561","18","No"
"0x5d1e311b50fb93b29e00611ada26f64f19e0900a","17","No"
"0xa54a3f1ac46efdc192241b2fbcf94ae1a0da3fc3","16","No"
"0x284978427f4c9d72716539a6a2600a7a02b06095","15","No"
"0x602eed5240e3f20330cf4e5bac0ce4cbe5d2f588","15","No"
"0x8dbe4031affdd52d9e8ba43248063157a2d44a50","14","No"
"0xc14847864075ddfb7bbe2c3b704eefdf6fc5f63b","14","No"
"0x4e9b4d9988ba647d53d44d2bcf794d06441bd655","13","No"
"0x70e2eb6748de23f64535233ec66e68eb981577b7","13","No"
"0x7ea6b40b820b9bc4a5e23697cd9aeb240beac5b7","13","No"
"0xb1eb759afebcf92ab4ccf6c9487a692d610d2744","13","No"
"0x0a633935262518c8f4bdccce0aecffedbb1e88d7","12","No"
"0x79e3baf01d8d985a02c8bdad205673b1a8a8c85c","12","No"
"0x7e2e243ca79343cc9f486c968bb90434e87161a1","12","No"
"0x0a1a1569d5d1e69d2df790f9de59891fe6b59dd9","11","No"
"0x10457bbbfe6a4d9e16a93f0a36a670651034bc50","11","No"
"0x3bc656d2ef0d3c8986e9e2bfe854539bf7977105","11","No"
"0x46eba9458af729a5ad3b869f27f2882fb72d7017","11","No"
"0x561376c5c8313bd742083d42e6b8b6d8da701fff","11","No"
"0x6e3ce12fada11ce7bd89bb0feea9301cac628051","11","No"
"0x7d238bb0b5b3bf494144fa261d20522f6131b125","11","No"
"0x8ee364e05b5a851e531934450462c65ed6653332","11","No"
"0x98c0e298bfaeb2ece9ca6ae58894fb932765641b","11","No"
"0x9923e155655520bdfb4ef89997a55af4c8b205cf","11","No"
"0xa4b9492b6cf5570577117adbc6330140645a17cc","11","No"
"0xa9f053e27bd149a27a83057534238319344797f9","11","No"
"0xb9adea3ea3ed1aab4af0097e269c6debb6459e17","11","No"
"0xbd895310facab54c4be0663439977bb694c00eef","11","No"
"0xc8f3c6777065e8b1fd74c4f42934ef657be0a153","11","No"
"0xe6025d61aa6d8f8e801872a1c6e1f5332e0b1724","11","No"
"0x031c884a2dc6f4998454a411df5a53d07e3c5893","10","No"
"0x059576e052fda76df317771ffdfb6663d1509e04","10","No"
"0x06879f5343345979cd369b42104282bef0efd540","10","No"
"0x0732652c7362d7bbf68512192604b169893df4e3","10","No"
"0x0869d5d64522e78950ceb1193da93a336b2f1696","10","No"
"0x08ea35de45fc243cf0d9059ec7dc8f906b1aa487","10","No"
"0x0dae5fcad0df8e5c029d76927582dfbdfd7eec79","10","No"
"0x131fc9aad526f98abac85f24ce94f9cc16d42463","10","No"
"0x18fc46bfe8b633948a2775797c09386ad5b6c428","10","No"
"0x19b97b896c241fc39852b1bc0ede5364a5b011f7","10","No"
"0x1af79b786e7d2459f057e39b392c5657c199f183","10","No"
"0x1e17bcc4b7d668ad0b63365c67d5f92ba1504c9d","10","No"
"0x22f91f636b4c8d8a306a2a7e465fe1ee59dc41f0","10","No"
"0x2bc45d459b11ccc88be0cbda1a59b3df14761ba5","10","No"
"0x2be853a9398252b0a230ac7ae0b96dfa4c39c626","10","No"
"0x2f79058836380b4df25d4fc6162af7101ee11a92","10","No"
"0x30588d273931355c83e3a8851654aa366e0895b3","10","No"
"0x30878ab35f39392081faecaf61c6d12c4e7cb799","10","No"
"0x319fd9bacbb0f621035f4b57fdaf4be4b627cf07","10","No"
"0x32754d057ee8b789e35c9ef533b9058e129bf982","10","No"
"0x32e91c565f936cb64a945ea325db8f09a0a6d1a8","10","No"
"0x33c26bfbd83eb4b25d94cf6eddcf131b6dd59c65","10","No"
"0x39ee786712adb2cf14b5f78ea714152d2ffb865e","10","No"
"0x3e9a9ab87a1caf63d585ed9c7af4da927c96cb7d","10","No"
"0x45150fa60c1c7c15d55a83eab93687c52ce435ce","10","No"
"0x58e5d00d8128ed6ad2cb5caa4f2d8af761fbac7a","10","No"
"0x5c060ba9a77222840bd625deeaa7d954b5b72427","10","No"
"0x6c77aae9eb1f6ece9fc2c3d858219cebb2c39e73","10","No"
"0x6ed0f5d0a30e9bdfccb8c668632d886a20c0d142","10","No"
"0x721e02fbe66c1ede165ac3abb335419fc3f374ef","10","No"
"0x79b8e17396932a6a94b2bd77a78efe502faced5f","10","No"
"0x7d34adb0ab0a7ebf94e848ea0b0ce74f8ce27ac4","10","No"
"0x7f2976b0e3042099e7b0d8a02930e8af72f86b76","10","No"
"0x873d85542ed7962b699ca2b976d4cc131883adb2","10","No"
"0x8ec40ee77654849af84f137f656937f55d81d2c4","10","No"
"0x8efbf74141cb9750802394513adf151829919d13","10","No"
"0x911d3a600009bfe676dae6e0dcafb76b37c027aa","10","No"
"0x938bdf1d5f2608a1ef5eb7b11819e440160284ea","10","No"
"0x991eeea3bc88f5af8574296bcbf85764054e9773","10","No"
"0xa5dc93e6241f085cbea600afd9b719d8f1e181c1","10","No"
"0xac0eb49b989f8a9ea2cccdf73eb7c4c700925549","10","No"
"0xadd069e6bf9335caf7fd3e56f67752bedf0ba19d","10","No"
"0xb764f77a75f4c6d950132feba7514861b669464c","10","No"
"0xc4d7a04c2539638c0a08930839a4fc09a5cadcef","10","No"
"0xc98337f8620db0101f41a8862be5962ac035e8ae","10","No"
"0xcf00630b45a6d98f9680bcfcb94d21e30b05a429","10","No"
"0xd3a50fc0785fcd03a918a0e69e926a9a6ff62804","10","No"
"0xd6b592d351df9d4add1646d5b023bfcb63cca7f6","10","No"
"0xd86e5f96fd5b7eacca2be0e21005b05be3ea36fb","10","No"
"0xda70f9c81f5f20b3e3c32b60ba24b99a30ec8ee2","10","No"
"0xdb12b0a826d10ecca7a783caa1daa508afbd6da9","10","No"
"0xdccc9013fbc3079e431c33e777bb2d94e95b8579","10","No"
"0xdd12a0c04be3ff962e7321f11bc08dbe227c25ac","10","No"
"0xde07dfbde065fac82210715934efd3aa4558a66e","10","No"
"0xdfc66f4fd026cd0673cf65c6019c6a9c92413129","10","No"
"0xe04ab2a8953e96ee3de24a8fba3219fe350c9b72","10","No"
"0xe323e7116df02f8339ba9972c2830007d4423a87","10","No"
"0xe40370a8154222066c2a75c11b7b1efe94558703","10","No"
"0xef0cb457a0e980ae63fe16cc4dbd19f40db372b3","10","No"
"0xf3400d6aa004d2f06ff1045eeccef77af98faa74","10","No"
"0xf4a2d18354e98ef2cde414ee37bb6ccf7a583683","10","No"
"0xfa1ae12408ff4a042f5eca1d5efa39182243cd4c","10","No"
"0xfecfefc100ae961359e23b9d40b6a7f5f9931f4b","10","No"
"0x5069ca078bec3bd79e1300212c5814505f4ffd33","9","No"
"0x5dd777e83565c196cdd002823bbc631cfa312017","9","No"
"0x7990bd07f6afa5004bb1ea3e09e4dbea32a76cda","9","No"
"0x281fe69a496fba401d85aa1374d7e401660bb674","8","No"
"0x2c1cf397b56c488a8cad97fc462536958a29d89e","8","No"
"0x36209606619a8570e53dce3d04f3e8a2ab23e093","8","No"
"0xaa159f43d2ebb93b62ccff31d65dede03568161e","8","No"
"0xd20ecb03ac9c87f496da6846fd9d04a8865928b3","8","No"
"0x06bac69d925002b5b1e5553b8c20f997144905c0","7","No"
"0x08941ea6a2bba892eb0a3873b9506bac2216299e","7","No"
"0x3e5d6d156dfeab4ae977f5d6a5bb555545274b33","7","No"
"0x6b767da245a58aa50ca85b7ec54414f1a4c6d962","7","No"
"0x6b8efc37ab0dfd0311e134035e0fb51b18384edb","7","No"
"0x6d3db011d2361b3d29179c5c33ac693fec9042c4","7","No"
"0x6d5618388dc917134abbdcad7ae4071af9cb5a7d","7","No"
"0x9154da29a2ef2fb3b248461ffe0842ca83d24ac8","7","No"
"0x938bfd4241872f1b51b23da66ad06cfd57272335","7","No"
"0xb66348b24470ef6d123ed604e4c2d4b79dd2c251","7","No"
"0xc8b3c0e904a44d1f200cc9793da3ab2623dd8a90","7","No"
"0xf22cb33ecb6d265fbd03cf6f8077703fa352bd53","7","No"
"0x0065badf3eb1f376f328983a554227bfa4808e6d","6","No"
"0x01bc2e40338f8b40490caeaedddcf7343b18e949","6","No"
"0x03cfb42f69004c1fa9d74ed8efb7e651542c7aaa","6","No"
"0x0e78e5d7b5dacd2dad593413dc20d013a1ff4a51","6","No"
"0x12aac91abd363cc93a950a0f668c9745ebbd88db","6","No"
"0x20045e3e280eb57df5f860a118239447182e334b","6","No"
"0x24e1374ab087d0d616001bf20ece8aac4f0d23a8","6","No"
"0x34ddfbe2a05d3688fdc020c3df178eb068ac3f81","6","No"
"0x36fd38c79f448704c49e6748995841240096d50f","6","No"
"0x3a6126cdd1ad1d604342bdb7ea57c96c791ef539","6","No"
"0x3d3b69457ce7e7998f19e85e018b5a296aed781e","6","No"
"0x417487275239e0f6c5ac79f5d60135ecf118169b","6","No"
"0x4c9bcb7f4370625a88160f1c1f8b10945e3d8320","6","No"
"0x527e6d49e80814a32d7553ac0d6857116d124cd6","6","No"
"0x54a2598983bcffeed8413f1ea0bc44648398361b","6","No"
"0x55d93ca81713904d2343f4f0335baa485fc771a2","6","No"
"0x561996dc771572f924e8e86a0fc9af641598cc6d","6","No"
"0x57ae29aa6faba4aa0db4986da0237b15f7e0d8f9","6","No"
"0x5ab9e7f9d4e23cf8c0b410ffbdec33cec33d1dcd","6","No"
"0x6ae1ad3b3cc8a1f873598977fa26b2c881d7b6f8","6","No"
"0x6e3bc51810aa3407463bbf2b094bb91eeb91d918","6","No"
"0x7c4d849f0e01631693fc6f421d1fa3e5570d0126","6","No"
"0x80718ebf117665a814595af848317d91c6a68618","6","No"
"0x94aa05015e17ebd6da5b3ec1150c4b35850e5740","6","No"
"0x9a1fee8b2b576f198f75493aa8548db879e7fbb6","6","No"
"0x9e8da0e793d3130ef6e12118a86086f9dd31583a","6","No"
"0x9f8d0f2da416154dd0237b59cb019f31db26b85e","6","No"
"0xa17a3d84cc10157e502ae6254f185fc6bf6b9e99","6","No"
"0xa1877c81b9022094de48aaf47c477d8c716f753f","6","No"
"0xa5c6bfcb447d71d7589b97827aba5019eb65da72","6","No"
"0xa60a51fe7f8b5ad7b9584d70af7ee19ac565fbc6","6","No"
"0xa91a73c911935e93a977b9fde9f29dab81fb6bc8","6","No"
"0xbf714b32206edced749b22e9d01a01c676ba7f40","6","No"
"0xc1d9c9fca34e654def7b31de1867d3ef31a04d77","6","No"
"0xc6b7ab5d82c687fac991d58db21da70e6c5f13d3","6","No"
"0xce2d4fb47140fad9c346e1c34d5af8fe309b8da1","6","No"
"0xd471ee737c3dbbad93f86830e1087d8e83891612","6","No"
"0xd5274a310b9a81e040c6c1fa2620bd9b58276449","6","No"
"0xdb7816f192dbbd9f5b709b9017f75ea3bb64cd3d","6","No"
"0xe25fe4213821705c3b7b5251089e57cc889f0af4","6","No"
"0xe656fb4c4cd4975736643a1fa2f06741e3231754","6","No"
"0xf0f476f7a7b8c6affa1dee8742d291971a330e9a","6","No"
"0x08bbaee435c7a1842f177eeaf032f4ef7b51d4a8","5","No"
"0x092fcf216095a4cb7ac616bd30b26c4141b39019","5","No"
"0x09426b2f3b6ec474053d708122c828fa0f69997b","5","No"
"0x0d1de6507595f78bfb86fa1b3288e6fb848b7989","5","No"
"0x176fff8b046f5b89ea328e3a6a79d6fe88905a0e","5","No"
"0x18b88619e0500a127ecaabe6988c072961a1295e","5","No"
"0x195bd8acad454922b2cc78573286fb54be087161","5","No"
"0x1fbb0324177bcda7b0f0c6ab4808a23d9120708a","5","No"
"0x2202016be19d4c1962faae71ef49bc4c4162e214","5","No"
"0x224f151bd65ea89938f7c6aead83bfe4cf701c3f","5","No"
"0x24c5d32b6e5ddaa8faab0416e4cd2c801b679146","5","No"
"0x26489b8e4c88267c3a5dc901d127804ece970cbb","5","No"
"0x2768f72ab0f3f9a37145d1cab4bb473f239e8b6e","5","No"
"0x2efd1ce75672657ea387efe7d7f639bc6902c313","5","No"
"0x3243855e72f0bc21db47838e5607bc1ea23fb040","5","No"
"0x348edcc484551dd93c2711c1e3e78b19a05201a4","5","No"
"0x35b63a6cca6563fd3495d51f45aebecf0e1616cf","5","No"
"0x3611658117d41adbd625545109f5378e607c1452","5","No"
"0x36d6c8269139b5d54d7cb63cf2bbc3a482c1bfaa","5","No"
"0x3c8140c938e4be7698a11044a438d9bdd5789b1d","5","No"
"0x3e1186c69c662f32141db8aae09bf7c71c040c1d","5","No"
"0x40af92973552cd9452dafa305bbc30634896433c","5","No"
"0x44e4a9b66d721dfd78d82f7dd76ff46f3b31fcfd","5","No"
"0x458a9b6b690c0b3ccaa3067d93619762cd2d9e96","5","No"
"0x45a9aca90062ed36dea998aea4652cc7fef609f7","5","No"
"0x46782b6788448dec2d5de8200c2d78edde86dfef","5","No"
"0x4679edb1ca9cefc30198e43c72b193329a03cd3c","5","No"
"0x4899c161bf167bd234e55cef0810e38386e546ba","5","No"
"0x4af614729a82206e1da7221451812f890a4c57bd","5","No"
"0x4d3b23cf47440c709d9b37ae37366d3bc8b5889f","5","No"
"0x4fb900e16d197c373024fcf0a88704d2e6480182","5","No"
"0x4fdeaeb627764e38e80c9819de5058af57dbdbac","5","No"
"0x5018fdfbc087d7c991030b4e535612d885b1d683","5","No"
"0x52228e80a47cba170893019370879259304114b3","5","No"
"0x558fd4e0ebfd3b7c3aef94b646924f410e729c2d","5","No"
"0x5aa907eef3dbb586ff6278ccd7e43fe798090aff","5","No"
"0x5c192b57826ce7dc705048c2bfc2866b2c99bf56","5","No"
"0x5e6c992a6b4bbc7d2c74332ff91544d1ae35c7ce","5","No"
"0x66f93aaeaf011ddf060cb6cd948ca34325cf16f9","5","No"
"0x6b1d1783e307d7d0a1513355e7cd2ce64aac0e1a","5","No"
"0x6bc0e198494eeab793f050dc19a460a2f9874f75","5","No"
"0x6dc3120ed771d18682d7e90d30311fa2a1069bb8","5","No"
"0x71631ee124a988c091a873f73eac9293650ea0d2","5","No"
"0x74ef45e0d9241e1183632b88f0e73c0f08ffe1b7","5","No"
"0x75ef10fe777d4d04db255d3cba5adf5cebd2f1e3","5","No"
"0x7881662e7e775fc60a326f0f1c26400864fad1de","5","No"
"0x7f844e8f922dd73629996cd04979f16a0a408007","5","No"
"0x821e49e8e8cdbcd46a1e1593836d6a91abba49e9","5","No"
"0x82286613fe4030a1a96ae42fa418ed561384ac58","5","No"
"0x848e4dafdfa495d05f5bea829ec715d7c095c682","5","No"
"0x878a5c89f8b2fdaa94613d0b81ec425e9a427985","5","No"
"0x878ed00d511d1c1333a68ed3efb9318d229d37cf","5","No"
"0x92b354137afc70be4b430d54c5e65a9f13fd7d60","5","No"
"0x9d78f549f373bd25884d79f49228b18429a34706","5","No"
"0xa68e32ab5b4f3f563e42344cd1ab089be33f0065","5","No"
"0xa7c57d320804de6ae8939f2fd3dfa86f34d558d6","5","No"
"0xaacb0cc990da7f9aeae32d9a652c3e0ae1647b5f","5","No"
"0xb1c1790eb83f694de259c1566c43ea52b935d49d","5","No"
"0xb2f4cc9b5129576e1a504444779638b757952756","5","No"
"0xb415f808d6821524a6ccd6afa92a59482d0e8955","5","No"
"0xb82d5544eb467cf2fbbcc3882b0a4847b5fbc8e9","5","No"
"0xbba35f9b4ddca8b7267bd2ec3240c4563764a330","5","No"
"0xbc4a1eaabc94cb098219a9200f68cf46f966d315","5","No"
"0xbea72d78bfe1d9c7f10adbfd13f0476101cd00df","5","No"
"0xc05a9a1accd62afde58c9a233d4f597661dfbcd8","5","No"
"0xc7a6e7eae608228d3cc75fe62d92082b6478d1d8","5","No"
"0xcb301ceb671fc35321f145705fe454b45fadd7de","5","No"
"0xcb71b0faf6b78d97b2315c084a5c2cb0bdc65cc0","5","No"
"0xcee07a0f22095ca1f99c735a9b1f3a72b998f24c","5","No"
"0xd68aac72328aed59dd009865d5647f8a16f0ab9e","5","No"
"0xd93faff9b7e14722d837ab11ec296968648c4cb6","5","No"
"0xdbdbb6239c8467401949efaf6fa85538e0cef4b8","5","No"
"0xddfd4b2718aaaab0ee84701cc8ed9dbacd4738c9","5","No"
"0xde83bd6432ec875d57fcdc28c128a2adeca53204","5","No"
"0xdfffd9cadbf7523dafd3dec79235e16798518520","5","No"
"0xe2cec2cc859827b3dbace7b92e18f83c3e14270d","5","No"
"0xea15f70ef61352334eb1c77d39f304f51db8a3ce","5","No"
"0xef8226905fbe8f6c2ea484b197d10f7cdf8d3cd6","5","No"
"0xf0466d9467b7db44aa09f7e7fa8694f22b81320c","5","No"
"0xf1363cbac5a6b2c704a3dfed88e8f1ccb45b805e","5","No"
"0xf1b6fa475879dc8d2517a07a2e2293d9ca835e08","5","No"
"0xff5d847e8f5e0eb1cc36933e81e963a6319bf523","5","No"
"0xffc98d5e2c4519bb90d8d64ab663fb5ee51f12a0","5","No"
"0x09557a412fdf6ffa883fe14c4e2febafc37e993c","4","No"
"0x1a51c44aa0ffefa1853b78c007e1a8b3fec17d57","4","No"
"0x1b9b05fbf1317e1d112b249d1cdf3badb48bc8eb","4","No"
"0x1bc79a86c0a8179f6c4fb5529bf1c466dddbd213","4","No"
"0x2026266d30699084921d8d4a11f8b5df10023ba9","4","No"
"0x217a6d09a0e75d8015608cecbd94f364f7d873a2","4","No"
"0x407f445eb0adeb5ad1fd6d37823266a5d8a4a617","4","No"
"0x42fbd47ff2f041cd65091ab0d85d5ebe70a70fe5","4","No"
"0x44e6a873b3c6a34863a421f3556ed59039605ed5","4","No"
"0x4fb818166399a06aa39627b6650439a35c0881b8","4","No"
"0x5167d2a58a9245cf662eb0f11db401085318390c","4","No"
"0x54e4cb8465cae4831d2ef336ed0e3da1f1778efe","4","No"
"0x6de1d0a662967037170f74aacfdeccb49ccaf286","4","No"
"0x7021163e97179b328dc746ca9213174ca180df04","4","No"
"0x72a1241a02b45c63cd2731a9136fe44fcd781aa1","4","No"
"0x80715b533f57de027993ceb9b12dee0df145feda","4","No"
"0x8a021d359e988166b523da637d47671ff34fe909","4","No"
"0x8d0fd2c4081ca53db31346229fcdb1e5dc800c6a","4","No"
"0x963fe226f77d6e7fb8d47c8d9cab727d75db6bd6","4","No"
"0x9680f3957510cf85751a096c2194520c36a4a003","4","No"
"0xa3adf1f3fe3d3cf445465d12940b7ab208e23db8","4","No"
"0xa5e13f0890080acc44bcafbae908e882fecf8340","4","No"
"0xa9ccd4454a64503fb243ed7960c0641cb634c634","4","No"
"0xc6b89a75307767d24e6134141b114f1c647968e7","4","No"
"0xca05da65c7f83a30556ffffb035e58bada4d9ccf","4","No"
"0xcc0e8b671a693436acdf9433dc0eb50e160c5434","4","No"
"0xcc9ecd906406971f7147272e4b8c861754781787","4","No"
"0xccf5a5338d5248d2896b3ea04f0b0da9c5b0d391","4","No"
"0xce67f5a767f8005741ad3ca924524482ba70b4d9","4","No"
"0xde5c68ebb8ee5fb4684f16c585a6643c7a2f3c5b","4","No"
"0xe422a4304f93e1091a399423ef751d9b706fcef4","4","No"
"0xf5e69d05a68123d98a8a23bf46f407259fc2b03f","4","No"
"0xf6fe83569c9091352e529f12f807fcd438ab92b0","4","No"
"0xf9eb733e5315f2757de8f827bb615a0ba6155823","4","No"
"0xfc2232aed66a5e833d00cd49eb1304a4c6daef8c","4","No"
"0xfdcf58cdf36282504e92e49c3d6c31d90e02b3cf","4","No"
"0xfe51ef0147f518cf414152fc4ddc4f69d15306c3","4","No"
"0x003018f3b836e952775c07e9b7bcde83b519a299","3","No"
"0x0045cb2b22bc2615a09a90bda866ff272c893906","3","No"
"0x0081451cb0bf826b1ea3d9a21f9649663e715f67","3","No"
"0x00b2e94d29a98aa25cfcfd9d0ce9cbca88c8decf","3","No"
"0x00d6f88310e89923b4508caaa098cc2e00849197","3","No"
"0x0139cdc799a774abf553d4796f199ad67e67230e","3","No"
"0x01aace9e7705022c7c4f0bcca4cb981c04c7e929","3","No"
"0x02a16b133d170a4144f687e663544b598e4cb07f","3","No"
"0x05762686ed1d2a348bfb894e9574e172429dc2fb","3","No"
"0x0634dc0916e4590522ab17fea3c23e481237c6af","3","No"
"0x06bea5a3b6dba70e6e74701b1bc0da785251aa2b","3","No"
"0x0c6236e27f05683088281c8caa394f81aaea07f4","3","No"
"0x0c9862de1e1025e04799cd4095fe732e343c8136","3","No"
"0x0cb02614752ed5971d4f962ce4d1ed73fafd9d9d","3","No"
"0x0cdeda310d2dfb77b0c42299210f909070e1dba3","3","No"
"0x0de4c43a637011e0f9dc1e9d52afafd13fdd1c95","3","No"
"0x104d7e85b4457b153c961ba4f27951215a345a1b","3","No"
"0x125bc62db93669fc2783498742ceb5ca5666a10b","3","No"
"0x13c700ad632097e105c042e51025f96cb57ccf7e","3","No"
"0x13d3068facd0e0a5eb128124e20c47a21e45cf4d","3","No"
"0x17bf8371c5197b61d6cc5aa7dce6e924cc016b92","3","No"
"0x1a3326bf12589ee53b3f796c9d376ea3df60d459","3","No"
"0x1b13be358875b4d4d088a5c193c3c895e04416a6","3","No"
"0x1c682c22e850f4ce13e9d7efdd9be9628fb2906e","3","No"
"0x1c9b83f563d2f302d50397b848d5aab11772af00","3","No"
"0x225b7354b2c6160868280cc524175d8b1f9b3b98","3","No"
"0x26ac3ad949a2c9a4e3dde9de4e7c363c7accd7f7","3","No"
"0x270778e700ff62850e3bc64f81164675b82032b2","3","No"
"0x288c58e824834c9648aab8b4308b8f13dc35c1dc","3","No"
"0x28fcd50e1fdcffffd4e5781a13b2bd3361996c9c","3","No"
"0x296ebc2a7bf207e7b8d251ea41dcf9a464c813c3","3","No"
"0x29a1263faa4332d95a351ded204bd3c6753558b4","3","No"
"0x29d51b6851ada0377858c54ae1c800de112dfdd9","3","No"
"0x2ccb8e4e82127f70db04cd5c3c20131931f289e5","3","No"
"0x2db78d8d11ef03d995162b3cd6b6f5cfcf890092","3","No"
"0x2f9cc7d277c7200d707773c42aff26a54a49b1b6","3","No"
"0x314b7ec8baf2a1df79e7c8150a79540882388323","3","No"
"0x315723097d3edf731556ab68cc7b87d8c7fb882b","3","No"
"0x318b811b59ab9fa6b8adcdd5a5eae70fc5686efa","3","No"
"0x31b47e17b24931088f5330e697262abd6ac98ccf","3","No"
"0x322de9bfc5838e067a906ac03dcde7c8ea3d7e89","3","No"
"0x33391033511d1928ea3d5fd4d8bcf476039fe208","3","No"
"0x3353a771b24eaf0d1ae6e8a65f9fafffaf3d49ee","3","No"
"0x33540b50214d1162b64a356699c17e6bb172e6ee","3","No"
"0x3383820dfc906cc59b989ff7e87e68f0aca78c77","3","No"
"0x33fe4a6b3e79615067e75bda042f8820d7666d82","3","No"
"0x3640774ba9c854400de0a4edeaac09e0302f2519","3","No"
"0x391113b472e2e2ce2996e18719e643b605824f7c","3","No"
"0x3a6895a4f608db026f6dd5298f4570e876275805","3","No"
"0x3c2ebb7c2c4ee839c12708c123d6a54f5fbb1562","3","No"
"0x3dd44b0ff4c205d664528fdba08601ddf8cbfe7f","3","No"
"0x3df97ae0f9b14d0ea24d008e8958b65c0b105c54","3","No"
"0x3e0715a1b08d1aa7ffa5a315b97fa9e46127525b","3","No"
"0x3e55843602667a10d31f1e248b3d6183e5ca84da","3","No"
"0x3e76c4412ee526ff63345a19a8c840d2b2969f64","3","No"
"0x3f2b9232ce37d489f846d4464648f14036c6ca12","3","No"
"0x40257ad1c9f1a9f74b193f65140a813d44000d0d","3","No"
"0x403ca284c16795263c704f3411360a5a11ce91dc","3","No"
"0x41410dded7ad3f3ec403df6064956a9d0bedc22e","3","No"
"0x4267d323ba46abf745cff41d5d7b2f7970282b06","3","No"
"0x42a662b820e0c3a860fad43f34d92cdb4769cf8b","3","No"
"0x43c9a7e362c6ad43896e962cec9a3096302b154e","3","No"
"0x43f51da324140ee16e6a348cc301956b04ed4055","3","No"
"0x443f56f236625d2e9c5ae7099f353b03ef936e3d","3","No"
"0x4487fc9a2d19c42344537145381148d917d0bf81","3","No"
"0x460fe60e6dad8a7318cfb7d83839fc9a8bb163b9","3","No"
"0x46e119092c3bdd31e7534dbfd97df2c26710496a","3","No"
"0x48131c3868dd55dc428e32bcd253065153972961","3","No"
"0x481a75af0726ce583dfbc46fb4a3ba1ed946698a","3","No"
"0x494967f9df8521d175b292f09bb9471b6304f769","3","No"
"0x4a855ad9ca166f0a227073607850968d8746d979","3","No"
"0x4ab68d88c0eebe11c0e44d98a1a24279c8c1c66c","3","No"
"0x4b9c2390112e9487bc0bd709b0e63064de6abd22","3","No"
"0x4c556d0ba8cf9a19def0c8c7db46449587b8d081","3","No"
"0x4c97e5347ce3f8f648675a7ae9b47ee5e184b3ce","3","No"
"0x4d3122ea24d779cf7741f1d6a5829905b235c48c","3","No"
"0x4ed77c3bdfdf1f9490a7c1abcb0143b8258a26f8","3","No"
"0x4ef350148c799c468f1b838f8bff591cf18956ba","3","No"
"0x4f603795cc681a23827349745e6de82b40c2d4e3","3","No"
"0x50b6ff3e98e1c9bfd15a8dd83a26f63b26d84185","3","No"
"0x5156a23761d5f234dcc2faa617bde18639d3e8b8","3","No"
"0x5268a4f2d8ef2bb3b37db74b6a1701cd5c6a347c","3","No"
"0x534ed1263b2a67e3886fb06bb1d186f166eb7493","3","No"
"0x556a6be7444ad810243453ed5ae2eb1579cc1406","3","No"
"0x55adfb56429eb36b39723800f973de0a06657cf8","3","No"
"0x5642e70fbea00e62fb33593557326c5ef584a36b","3","No"
"0x58ea2d76845e2ee9c71c18fa137fe5b0d717c60e","3","No"
"0x5955b684bcf49f75a3e8cd6978111fda4b6db0e1","3","No"
"0x596ac523a2f887d44ba69d3144a17b7def627af8","3","No"
"0x5ad264fe5ae7912b5a9d0d424e17efcd85f19768","3","No"
"0x5c22b364bca26c0e392734a889303e38733e249f","3","No"
"0x5ea19a17c9c3159d04a8694a48a7e228b7febc28","3","No"
"0x5f2b345d751431aec64ac6b3f094dc8f92112c3f","3","No"
"0x5f370dea622374b9042c9038d0e19ef831eaad50","3","No"
"0x60026f1b92e885d2f3a49c37224aa48e37e45fbf","3","No"
"0x6136310586d21430212d53e7062efe5c435b66f4","3","No"
"0x62d35af3365f76b883bc54d05ac1fdb6b5f6d694","3","No"
"0x6511c6ede6f61cfac86c6876604e768d1ed667a3","3","No"
"0x6549dacbdf56e132b7526121217c1741edd4e936","3","No"
"0x663b460b017b47bbee2217837ee5430a5d125be3","3","No"
"0x67640448de5c269fd07dfd7510bf108db187d356","3","No"
"0x6d6191789d19332a89d8ddf311e6b0d278c9b0b1","3","No"
"0x703cc1c68ef6eb434943298dd6c708ead2577e35","3","No"
"0x7420732dcd19d23d82008ebefe0053cdf2a1291f","3","No"
"0x74c8f3d74ee3f69b9735433d57ae3a59c19fc823","3","No"
"0x75f958029c4ff5c1795a4b78e573f47a2174aae7","3","No"
"0x77ea4c7254657940a355b8e83ec784fba6a52a3e","3","No"
"0x780c26f59f03e4affa478938c4f870bdf7670364","3","No"
"0x7880736c7b21131efdc989db3afedf98cd74b638","3","No"
"0x78db6aa723668ebecd193d670fab8db29c428903","3","No"
"0x7a0998407b73d4ef68aaae1180a2f68728af336e","3","No"
"0x7b62a5957ff951f9e881c58ded9a2071d0f99417","3","No"
"0x7b9c407961fa8a90eb3ccb7c2eed029e2edf852d","3","No"
"0x7c8a27166a7272be4399b77ee7564276898329cd","3","No"
"0x7cacff8e900bb7ffda51c892bad15a95d8103607","3","No"
"0x7f492635eab20d7824f52e73ad271e04d2c0af2b","3","No"
"0x832d15aebc931529f7ce0f4abceb5233b351c16f","3","No"
"0x851ad9996e13aa610da8f06b24bd948ad9adaf33","3","No"
"0x8845cd909c56c87d7389426d9998c029b7485556","3","No"
"0x8871d265a0c8df287cf9a76dd8f6ba513dfda3b9","3","No"
"0x8db5824dab9848ea740bc06133e59ae679de857f","3","No"
"0x8e32bb902f5cdbae197a0d4aa0d5c4f98f8d469b","3","No"
"0x90db29d6c9d5900253f1ad4575064259871302de","3","No"
"0x910b6ffe4ef3d483ad0ba9a4c485db12e4657498","3","No"
"0x93f5b95ba70aa438246f290f0d72f30e0ac9babe","3","No"
"0x958df15c3e7ea43f3635097e6279bd8d20cb80aa","3","No"
"0x97ca425b1ca00bdc476891302dfac1a43bdafdfd","3","No"
"0x982e64f4e5ac28fd4c7e4b5855ac756cd43bf5b7","3","No"
"0x992a414a411b4c50a43c37052f23fcfa06225ae7","3","No"
"0x9b2e6dfcb85237eeaac4a95968b616485ee53d8e","3","No"
"0x9d47c98eb709603aa82514f96b6efa7939f2edc1","3","No"
"0x9e4da0e36b0985d7efae748626fb976b7c0c41a0","3","No"
"0x9f7eb00bde7d71fd188240142e8314b6a4fb03ce","3","No"
"0x9fc8d48834c9364c9d2c35ec45456a4b61c89252","3","No"
"0xa097b0865c512738993fb11c8379bcf2b100a428","3","No"
"0xa1fcfd829dd7c4de8e27b8e42084fab3e50ee069","3","No"
"0xa2ea6e979996b4bffd58bfe268a64cd2932e9946","3","No"
"0xa3917c68d49dfe0323321b4a7f2ec88074647dd0","3","No"
"0xa4548eeb43f4e2b2c0bfed958f38c80db8d02ef0","3","No"
"0xa5087f46afdfa9feae6d94e01f1e4fc16e18595d","3","No"
"0xa5acf68b1ff6e33381797914a906d3797e47ce6c","3","No"
"0xa93ec85a4e6d1bc68a6f3e9113597ab57cb32510","3","No"
"0xaa2b882c28db58846a00627e5c93328ba073d750","3","No"
"0xacf5c4d8296168cc45236d81bd3d121371c0e02d","3","No"
"0xadad7ec70ac6b2599360efc99089b575e4bc376d","3","No"
"0xaef5d784bc2126ccaedac2122379c3fa59a29362","3","No"
"0xb02f90a2b05290fce517b3be056590d99e310882","3","No"
"0xb14f6d53a5d017af0b20d8dfbb9f655785fd3ca9","3","No"
"0xb2251957dd347f31d114f988536f6c8f2afd38ab","3","No"
"0xba3905a89e30976e02de84f2e05b71b1cfbffe33","3","No"
"0xbb50a37b754f03caab8eae6e357c8c9db2a0a47b","3","No"
"0xbf43b77e35ebb5dcfab796acf349fdc59981c004","3","No"
"0xbf98828ff08d11a9462200f42c89ba4887ec914b","3","No"
"0xc0fe70f3322a4db5e2eea3d41452900b8b09da83","3","No"
"0xc1269906cbcc1708ddac73d8926502297eb814c6","3","No"
"0xc15118ab2ff4ed23e16d482fb5ab9b2e2b65498a","3","No"
"0xc359de485b20690dcb23b9eb4d25f5aadf7bde39","3","No"
"0xc419a2a74bf3e0a203df218b5cbd9e8f4acb4f5f","3","No"
"0xc57ac1820f7c7370455dddefa8e1b23d971d4091","3","No"
"0xc753181e9088ed063a6b00971202e9e707593d05","3","No"
"0xc86d3f7ae7b28f27596fefb8dd26ee7eea372223","3","No"
"0xc9270293c0674ded63eec2150c975d5db786fdc2","3","No"
"0xcac7653a12579daf3bc1c74a8dabe247aa05f0c0","3","No"
"0xcc30de0aa9788d2b792c855353326d6e8c7b4097","3","No"
"0xcddedac65fb694b06adfcb0ebb58316c528b894c","3","No"
"0xd100a4867d76b06480ae53dfc71bf6a3b36da94a","3","No"
"0xd1075e23ad055617952d35b750e7b518e2ec916f","3","No"
"0xd1182abb3bd0c36a98bbc3a98a2c69f49f374fe0","3","No"
"0xd222372f76d5558fec78aca73ad6f4ce81133a06","3","No"
"0xd31a84c20bc430ad75e6a1903e7ddbee52211072","3","No"
"0xd5f6812971692117f581796147d2d3a2a579737c","3","No"
"0xd767b6e292297da489f2a1f2472c8e69b8763543","3","No"
"0xd83211814bb7b865dc55833852bafd50e566547b","3","No"
"0xda14f64b2ce980831d01279881e14203caaebca3","3","No"
"0xda8d9bb6bc7435aab34e42e67f888aafff18460e","3","No"
"0xdae764e017f3f0191b5b6fbde2494c0f6db3aad2","3","No"
"0xdd2f39640ffe4b5a2b7654f15a4f011ca706a4df","3","No"
"0xddf0f717806d568d85eaa1c7d67c7aaf0daecfdf","3","No"
"0xdec25167549659c755116639512c1731c68677ea","3","No"
"0xe3290d9fe5513cbfd117b893a2aa2b520227f2a3","3","No"
"0xe33f06b81ddb8042a93648b4c13f9cbce8a04c42","3","No"
"0xe3ba9817158bd0a935f85cc6ae6dfdaf708886de","3","No"
"0xe49d5be6c9f8ff32bba6fa0ec26c8b9bbb23b0a8","3","No"
"0xe50ba057fcf0bb64ea79b57771fa5468ac4fa1b8","3","No"
"0xe7fc63fe11a08e80ab09735af5fd6bac025ec0ec","3","No"
"0xe82f187adcaf6473e42c8cfb6d0a653e65bef5b0","3","No"
"0xeb03aaec3754c1c1953ad52b42cd234be78f03d0","3","No"
"0xebd8cb306ac616b0dc592fd316e8943485dec13b","3","No"
"0xec9122bbf7a603c1b4bc3397d5806c6a057f860d","3","No"
"0xed80beab20e42ea749729e31c489bd6e72d056bc","3","No"
"0xede9f6b8a22766da46cfe2440de7d90743b4693b","3","No"
"0xee1dab8fb10a331d72a545958be0cd204aefe241","3","No"
"0xee38e54de56a9d3878267fb26697adb990947330","3","No"
"0xf15f58195a4f646c66363ea8bfc30bbba450de1a","3","No"
"0xf1bc831cc0eee715d42f635be21b092c4222fd2f","3","No"
"0xf2332d727a23a8db6c2b8de1bf66c93f0472e35d","3","No"
"0xf87aae7df1a38b84d5e2ab13e229ea64ebf8c3bb","3","No"
"0xf8da55ee01d64130e9a05d4c12b41f322aab96a2","3","No"
"0xf97923aa97dd6bb26df9f312ea36f696dce85e0f","3","No"
"0xf9f6759153cfe6370121c902097658e9f92afc9f","3","No"
"0xfba206e73709f614e5a85aff27a98692d4f3c579","3","No"
"0xfbf9137aa3ad1f8b38b42d90afb7e4cb2b39e633","3","No"
"0xfc8ee4adef798e2d0e7e6af61b5f16a59c664e65","3","No"
"0xfcd1f90977b03176ad5d4b502e33871a6539032e","3","No"
"0xfe27adda36e290b4b0767ba53f47352eee668fe2","3","No"
"0xffe6ac56f095304cef1a1fd8260f3dfc338ab8b8","3","No"
"0x0090dde383865bc21a72639313975cdb67d2d612","2","No"
"0x02d17bc00778648ad5fb3002b7d88a72358bab0f","2","No"
"0x044ed1a43ad35fc3b5f346c3771908b638c7ebf3","2","No"
"0x06a687b25900e4fecb97b0212ad5590ed0467722","2","No"
"0x09f0abd39751e88437689fea7adac4477ac1651b","2","No"
"0x0ed35594fdb513f955cdde0b0b54a12d619d109c","2","No"
"0x0efc52dd8919362e12d60e67a779b1d6342a7f16","2","No"
"0x10bb3f723f4ed0801a88d42533081ee1ac35714c","2","No"
"0x11e0185434b499cac2cf77e0c3a96d6fc9578c14","2","No"
"0x12cfbf939acb79dfca08ec8cd8a5790a8b93a8ba","2","No"
"0x12f3fbd3473d7d9c55e8bd810e30cb5db7d59cbc","2","No"
"0x13d82229606ec426acc9a94f1f00d150e1cbd6b0","2","No"
"0x15ae1e68c9a4e5de38552846c70d5fc2c87e5dc2","2","No"
"0x1c2911c5a34d6f2d6b4a0418a9fb33927c1609c3","2","No"
"0x1d9b4e8cddadba7323533d4495ed27cff8ae8831","2","No"
"0x1e89e5025328048ec8e570632d750142c80f6b14","2","No"
"0x1f29ce31cca02e71dd84cdd7347a2803c68e4520","2","No"
"0x1f36114dff57cc11955c7feea321b113e990181b","2","No"
"0x215d89b417ba6fb0b7328484829670bc446e4b24","2","No"
"0x216eaafd99c9edbe7ad61691ad07a5d673600587","2","No"
"0x27a2adc97246ec7580388bf20d19f889d56388e9","2","No"
"0x28339cdb3614374767c670e86617de064fc9788e","2","No"
"0x28597d8c16f8e0568d818720c9f09d554dc45d18","2","No"
"0x2c3ed0211d5ea74ce3da545b7af217e4284ea030","2","No"
"0x2da326ed00553419dd32aeeaa8efb58d4fc134a9","2","No"
"0x2f79d3621719452699e4a15792e1581f0a47d98b","2","No"
"0x302110b3805faf15bb93bd3fd6126a883f35533a","2","No"
"0x31001a1d9b9d50f32946d9913f4aa533c3044e18","2","No"
"0x3168ad7beed95c5f58356ca3c9aa961e57b1b48c","2","No"
"0x31729c193109da06ab404b8a3503ac46a57be357","2","No"
"0x335f169d9fc07585e98cd17f58d03fc491e047e8","2","No"
"0x3367a3ed079e77124400c583516edc92cc391c13","2","No"
"0x35a47659f4ddb1bca386af221ae88549c9f7456a","2","No"
"0x35d7d670edee2eb5886b47d02cd209fb464a9b3f","2","No"
"0x3b613c3f8a70de069cd23c41fc0da9dd1c55fd02","2","No"
"0x3c1ed067a22f87a800a9986bc905617934d8d94e","2","No"
"0x3f5918bc4cf4894ea0a8d1d544aeff4f59f8c1a6","2","No"
"0x3f63c364f9710d0fa8f6c20c3027b3024fd162c7","2","No"
"0x409bd82cf7071daa870540495cfa21ae49e69f00","2","No"
"0x4634aaa8a8948de732eb298f6bff3176697f7cc6","2","No"
"0x4751317c284bcc917c6691275f20ab15c548c613","2","No"
"0x47bccc39247798e77f3b05cfd698b5b8a2844f75","2","No"
"0x4876abfa6a5997df937a3c3beacfca75f33c9be2","2","No"
"0x4abb2c5a3a28514898b1440dfd2d705530eec794","2","No"
"0x4b116a04bf4491b5c7958e9d0388802e224f9efa","2","No"
"0x4b70b870182f65e43e7413ec33878015eab7e7ff","2","No"
"0x4df52807f04cdd6ffc6eb6cfb5675c6088c3d8e9","2","No"
"0x50871234728bf8d881d0f4e4b718080f71044185","2","No"
"0x52042434fd34f200fb1d6ff015bdadac844019ce","2","No"
"0x5229279d13570fe33c1d10507c71c6caf7ac3cae","2","No"
"0x5297d0f86320d77b862e508e50b12a554a1a7657","2","No"
"0x537cb279c9301b5e416cd971cd992a73ddfdac73","2","No"
"0x55db74c117f74fe406c41a8414c8383f337b1722","2","No"
"0x564f2ef588ba7c4d16c58a23de33461b4c39512a","2","No"
"0x56a13f6b07031a61e9c8f6446cfae9ec4def2e44","2","No"
"0x57eaa9569c55217ed5088cd25fd7e6f25ce77f3e","2","No"
"0x598ed77bc7fe9cf0620d8bf48b862e95ee26a870","2","No"
"0x5e0f9da09bbd0ef540c7efd248c4bd9027846e55","2","No"
"0x5f5c898c66be11eec480f7165bc9b3745f618f5e","2","No"
"0x5f74dcc9ef890d8d81f24d0d29d261bfb0799745","2","No"
"0x616fa92361ed001398b97835344448e51a69eab2","2","No"
"0x63ab8c4cfbf083b045a4cd1fef9f186d3803ff69","2","No"
"0x63e49e3863f37291488b7dcf615722885660bf58","2","No"
"0x6434f5faeeff9256de96a372487839b0dde469ec","2","No"
"0x655e8af3c9de9fe91538f86ab3a7a8e5a0d7f693","2","No"
"0x656ddf34041970fada8c3bf435f26c495cb68581","2","No"
"0x65b1660dc2e814d4338db848e9fed664415f082e","2","No"
"0x65e9279f727b74ec5c0eb883c8a32b1ba8b340c0","2","No"
"0x67f372677504ea0eee001a744232639680a2bde6","2","No"
"0x6a5433d635e06e0700e4d85803163e451ca8b3c8","2","No"
"0x6cd8615afd527fbe0398afe0d802300f025fec83","2","No"
"0x7043b52bed900e6bb3e144958b78f51d3fbd73b1","2","No"
"0x72bf7f69e5491d8c39635d9b988b40f734752005","2","No"
"0x7339d318832364bba04ea5a84410982c430dfa83","2","No"
"0x77ad5b76effbccda6e23c9182a3d9822aa8fda87","2","No"
"0x784581b4db7b8774a7e8412c86720517348d60f4","2","No"
"0x78eadf900c1a2d157edf4f34737f3caed5d5dec4","2","No"
"0x7a9a1ba7cff6c0920cc74e850c6a671ce48f0e7f","2","No"
"0x7d352658b7fec49afecae3eb8debfd0b0fc82bb1","2","No"
"0x7e58d0c4a28899d313262f4068be719e2f645627","2","No"
"0x7fa0ab123706a753db3801c39be6a2791c735523","2","No"
"0x85c80988405c3b33a62715c2ae7cb3660846a481","2","No"
"0x863158fd34aecf16bec1c3bd49597f6988b0b1e7","2","No"
"0x865719c9735cca9e8f3a3d531fec09d40e67a440","2","No"
"0x86a435699d17d73f7dfee044eeaa1e2fc5d8d9b2","2","No"
"0x86ca67a10d68a5bb5be3ae538d1ebfe40a09dd43","2","No"
"0x8a67d11eabe84b905bc6e29628eb5281594426d7","2","No"
"0x8aa3d9672e1a4ca4320d92f2929688c9be246495","2","No"
"0x8c638e735fe99f577d17290b2b7d682f0b165b98","2","No"
"0x8d0de95c0611e248e4375af5828ec798daf4172c","2","No"
"0x8dcf7bc6b66466411139b01ea1dacf4729030ce3","2","No"
"0x914d0386a34b1da6040642215fb06876010c6e4e","2","No"
"0x93f28d6476adc9e3b6263506a69aa3de696e3050","2","No"
"0x964e2b19107287e3dd2e9b175a7255965f6d4789","2","No"
"0x9870039d74a6c92c11a39f3fa46d36990a232757","2","No"
"0x9c5195fe056d0c699f58171bbb71815ed5f1d32a","2","No"
"0x9cd564e0b4a0ce7ee576f05b685910b84ec44a74","2","No"
"0x9f0b7f731897898709f3f935972d646c2d262cb6","2","No"
"0xa498934bcd48045d88d86238fc52c88ee93cc257","2","No"
"0xa4a18af03f18f32f207c3d261178ac5a7eaac167","2","No"
"0xa4d07c23f28a1eb1ae471e530c3f5e0038d282f2","2","No"
"0xa7243b5da827f7f5aa205a1a2cdc54b8508b3930","2","No"
"0xa9fbe6543523a950e89124164c520c5387e07511","2","No"
"0xace598fb48f2a257e93b1136f9977a4e40ada058","2","No"
"0xae74399237e02458aa42283e7c3ef2929ad4896c","2","No"
"0xb23eb4efb463bd20cbfe59a9e2a18d8fbead9c31","2","No"
"0xb4df33253086195fb8e021c9063ab1bb7a45115a","2","No"
"0xb5a91f82b88ac697b7db1bfe12005bfa0cb19964","2","No"
"0xb8a357fbaa6c8462cc8a17e64751d26e9a931b34","2","No"
"0xbca7b4fba4262a7e369875042d73981921764b30","2","No"
"0xbf81e34641c13b674b764415a1305ec8ea2854be","2","No"
"0xc1f267b5bb09a66a4b11d1deb614bf5f6a2dfb95","2","No"
"0xc3cbda5a16cbf78379dd622ef3c4597e1e20d187","2","No"
"0xc58d8969965731f2c3fe0401c2b12f7cb6c26ca0","2","No"
"0xc8444d5c5189cb7642553954d62f016857ea7331","2","No"
"0xcae6e0ecb95b9ed410c71a6aff1e35497fd3b387","2","No"
"0xd287682f24cebeb2eee2dfe5569047d6f6f03e5e","2","No"
"0xd290499aed3c25ca8d3426678fb28aa282cde3d0","2","No"
"0xd6792df4e2d5cccfb4962030ba3fce4628e5266f","2","No"
"0xd69d617d76c625657da6c5e299c4c20584ce5cc4","2","No"
"0xd907cb8fc757d7b9b9209b2c3c8982c47340ccf5","2","No"
"0xdc1cab73dd5c2e561c328f62d5a2787e63410048","2","No"
"0xdcfae64f4a58728b10e1e16b53b40592166acae3","2","No"
"0xdd6432414edea734a33570f7b37c2065d3b83888","2","No"
"0xdf1424d814c223769def829278a54f9562ae10ab","2","No"
"0xdff793c342a4fd87c02c2869da59e21697b54420","2","No"
"0xe096eed124c189f05e6d6a2c5d427f61cf86296a","2","No"
"0xe0ffc76cf83b13ce7e3fcd5b15aae3b15910171b","2","No"
"0xe16d756b1e27cabc43c8c4cadd68004ab50452b2","2","No"
"0xe5e8bd70e888d26448492758e7b7a7efbc1f9e07","2","No"
"0xea30254f9870516047e6f1ff8d6e183b74ef50d1","2","No"
"0xeb54211b9ac59c04b39c6572013f77e417375c4e","2","No"
"0xeb8e8d59bbf6e92b60cd4852498ad8d1b94697f0","2","No"
"0xed937a015c832b3c067e28c68fd980100175e6e9","2","No"
"0xeec64291a11bd3be4ca6e75a2c86e611a1e9c1aa","2","No"
"0xef7f0a2799ccfe767bd01392419795ff700c7d8d","2","No"
"0xf149f9c5b78e4807063e1e72f610da2b2f51a7bd","2","No"
"0xf2ef58b7c52035026b04bdf0ebeb8a42f9fb0ddb","2","No"
"0xf50f81bb988bcccd1b4b108ac40dd32f7301b6ff","2","No"
"0xf9dd7c569cfa1b9df9ca0a695e17f51c48b234c0","2","No"
"0xffa17c4ac4d7d375734e5e3355b2d4fc6a797be2","2","No"
"0x006407d57018a2878b23c823068ec89a014c6cff","1","No"
"0x00a1171cb791479e8b2bee0bc2399cc075f1aeab","1","No"
"0x0117b08d8327584d50b159d123a69bfb8ff0396f","1","No"
"0x01a1d2750b2c7aad954698c1e9596f5ccabdd265","1","No"
"0x01e26b403591186112267d4a2b69995decacce25","1","No"
"0x035ef248645b9a43bac8ae536d264df75f2ce33c","1","No"
"0x039e01717916fafd3151d366beda49989095d066","1","No"
"0x04150bcd9ad7ad9f92b105a43f64c9db25e50795","1","No"
"0x04af0c78d27d7a4ca597eab5cd1dfd347821a564","1","No"
"0x04b4fa4d9926e47a8e67528a4074e39b8a52edcb","1","No"
"0x05dd1217d14eb8e97799e9e436344c7fff89be36","1","No"
"0x0622298d006e1891ea456c514f069d5acad5498f","1","No"
"0x065db1f1027f64e5239494650c9d472440480fb2","1","No"
"0x069ab5b1862ceef0546b15ed57bd19812d1ac8ca","1","No"
"0x069e3867dc6357e714e42f8cc947890c91839930","1","No"
"0x06dc97beded1809c3dbfff059d542c5cadf0c7f0","1","No"
"0x07c6356e9978eb13c2bbc460c84b028d8e18dda2","1","No"
"0x07ce3bb422a537693afd130259e5d3bd0dac7479","1","No"
"0x08321e91d516e84322f464edf669b80b2ca684ec","1","No"
"0x083f14959d637cf789497b6afe476a1e3057f8af","1","No"
"0x087fa91db1c7576b3e4d0fe379904591b44941a4","1","No"
"0x08b35d6cffff52e3d619140ad88ed43d9c6e66d8","1","No"
"0x09ddbc6e8985b1c623b582f3302210beb911f579","1","No"
"0x0abceea992c41e60a83b40aaa935558235408fb5","1","No"
"0x0aeaac8108b3af4676b8f3f30dc70c7509ea235d","1","No"
"0x0af91d43636e21e8b544113cf6f06d4db6fa31c3","1","No"
"0x0affbf300d863a6d169b1f3254e5aa42bbff60c4","1","No"
"0x0b0474cb457cc972e926ae543e286525b8405c12","1","No"
"0x0b122c9d7b1e0dc305feb4cbfe97646d02a10bc6","1","No"
"0x0b1611268f5e3ca9b5b9e04d5b22ac87085f351d","1","No"
"0x0b1f2776471d0656166df08df464d08d31cf84d6","1","No"
"0x0d11a788f9e9f689d5c4dad41f762388a794177a","1","No"
"0x0d62f08d5523b310691fe4b3a681ed63fa788e50","1","No"
"0x0d97b99725bde3222f434c61a928e569dc99d69b","1","No"
"0x0e8e1d77a1d468f8d73cd63b1ff0f3bf389251d4","1","No"
"0x0f0d49fd19ee4a83455d414f79de823bed0b4351","1","No"
"0x0f10387cfed647f8d4abdca80b310062444ab3c1","1","No"
"0x104b8abd68810dee6ab04ef5db80d6bffcecb3dc","1","No"
"0x105497e3880a7677377e8820e05a6175173fff07","1","No"
"0x107250d1545be75cf1e6e782fa04beb66efb06ea","1","No"
"0x10c1dadff1f78a157beec230b0fd30d9f9fe5aae","1","No"
"0x11e8d6a5a886232715cbdba92e427a875db8dcbc","1","No"
"0x122230b0d6a3932ed543e9bba08787c240b5af78","1","No"
"0x129b87a49c8731c7977c8e3600afb0ff57982f17","1","No"
"0x129e323327059be441a27dd72751ecad48b2cb40","1","No"
"0x12db05c67f5952cc337281733c6d13bd61acc6e4","1","No"
"0x12e6388e6a861ba54ac60fbfff4f0ed3921fee8d","1","No"
"0x13ae8c24739ba01613ea1f969662551c38e3ebec","1","No"
"0x14080b917d00979ac7dc5ef2028bb11091f7ae4f","1","No"
"0x141a353fa9199ae924847d6274de935319c4ac53","1","No"
"0x143be291f6d77a7ac59f4ba2e78dfc18ecc14f01","1","No"
"0x14c681a2995a195e5f8004fdcd9750abd868cd59","1","No"
"0x15b363e9357012c036df900dade792510b77e0c6","1","No"
"0x166b0e967bf17571fc2df38064a36ed6871d6118","1","No"
"0x16c14065cf70544ffcedafe9460252b73f27c4dd","1","No"
"0x17aabc66fa5e8a69bfef24755fb11c4342f1bbfd","1","No"
"0x17f640b619b01712c62f164aee7b97391f25b5ff","1","No"
"0x18daffb93902ee2c20e48b664bf3b11315eed69b","1","No"
"0x195dfb522cdeb44440a3c5c7f4f34f03f058d8c5","1","No"
"0x19d705fa46c9eb6c67554568447a20289da9083f","1","No"
"0x1a3e5b3996bd7edd67398102378cf390f90cbab1","1","No"
"0x1a8028927383a0665b62b4aa6eefd5dd66cb5a38","1","No"
"0x1a8052ba010c9255f9de90ba96b450188fbd5cef","1","No"
"0x1a9e641f4892dae628bfe2ae871a922779e39660","1","No"
"0x1cae90a9dbcbfec54ba992965565532c648cf2ea","1","No"
"0x1d1b1e30a9d15dba662f85119122e1d651090434","1","No"
"0x1d55342eddbb7104d522c50ec29f8301a05adf51","1","No"
"0x1d9fc050bc8bdde9ca783cd54a329bc4607c67ae","1","No"
"0x1dad2bfba6d0c091a04aed9623a6b43e7a92346e","1","No"
"0x1dcbd93ad968d5ff6c4f4b3987415a6a84cb1775","1","No"
"0x1e466baa55fc1852423e75cb87e9eea5bcfefca6","1","No"
"0x1ebe7504825808a524c202d22ab6b3896ea6cab3","1","No"
"0x1f57777e2d25635d2eea3e42105db21def4d7116","1","No"
"0x1fda16d5111f639d20ac78b31742b152729b421f","1","No"
"0x20b111a21f6d159da6ef6fcdba67b0cf4e0899f6","1","No"
"0x21116c1ee3d766be50377c190056b2419946fc3e","1","No"
"0x2122179b9134c5c8313e68681bb46948aabf9cbb","1","No"
"0x217daa8b0133e66317871d5e3b0b2c226524be73","1","No"
"0x2189e0a7e5f7f44372a30722a981ae92a5058a34","1","No"
"0x2194cb087c7677a964ad62ad5bd97c9333141886","1","No"
"0x240051647135a0c8d938392541592982a4bf1726","1","No"
"0x25d0dcbc9674aa62eb3ccc1857586c2f162a6652","1","No"
"0x2612a39f495ae5ccf93a31ace5577b2e2563ac3f","1","No"
"0x281e3622edfaa95de273fc79ffbaaa940fd90867","1","No"
"0x28322c3d6b8e9af82a12533dc0ac3f5421a7e704","1","No"
"0x284b8b993c1f15327181dcfb39c0c5910d6b9c27","1","No"
"0x2867ee9e294954ec31517e2d1e8df9e82d742a33","1","No"
"0x28a35c186665595edcd987685448380556d468e0","1","No"
"0x2937e5e85fcd38ff36ddab3f1a0173375630ad02","1","No"
"0x294480f41c9b3e316c1b237fa24594a3b5e9ef56","1","No"
"0x29c7545fbe2cac13b1c53faf47b7b8e3f8c7cc03","1","No"
"0x2a5cfff43fc36154499978bd9e830596a1d42647","1","No"
"0x2b6bcd9bf0df7cf30f10dd193ca6532e0929f682","1","No"
"0x2bb6fa46ff9a28b545230a57a73d7c8311e79577","1","No"
"0x2bc9f668939001c355c114d5df65ec03000de873","1","No"
"0x2c2d44aa855081583da5df2b85502018be9923d6","1","No"
"0x2c6eb6500838208989c194cf37a5ee6a1addac62","1","No"
"0x2c90d8d7a7f79a2098ab724d1b4104f19926bc9a","1","No"
"0x2d617a7fd32240c0969e3228ea172880ca552421","1","No"
"0x2dd20f19df73d88e99a3ea9dafb20491bd523b28","1","No"
"0x2dfd311907216605823be448441092c6329be861","1","No"
"0x2e40ef7526b1c86a19005346127d3c0fc2ec9019","1","No"
"0x2e48d784b32a05ae72219ca4f4fb1e927e7711f4","1","No"
"0x2e581428ed71f291a64ac76a03dbe85bad847441","1","No"
"0x2ee42d82ed4b799c18cff531a147a015107e1bf8","1","No"
"0x2f1003a68ca82aef4922267b3f463ec9ee4e52e7","1","No"
"0x30b9cee0e51843a2c58107ca3486b6e5f3baf106","1","No"
"0x30de09eb48b128cecae4549fd32d5019b6664158","1","No"
"0x318b4ef7d225d1ebeca385fa73535442b5be4c50","1","No"
"0x31c5640258bbda28c421f9d102e0966bd581c39c","1","No"
"0x3200ad0135f523d0555c50fb1ef478347eb0f5be","1","No"
"0x3254495ce74cc90b7b91c81c38c43933d034ebcd","1","No"
"0x32be0da7ec63e54e4eea9ed95fe32fffcacd5197","1","No"
"0x32c37dfb62c51896383df04212889c4a01bbdc6a","1","No"
"0x335475d760078dcdf4d23619fd0e4c467729d5bd","1","No"
"0x335a67bf51e2596abde47e872af885db46f7b628","1","No"
"0x33bba8cd1649237afc4285f54a2140f006ba4430","1","No"
"0x33e7561f5ca829dab180482a69bb5b7fa4e1198d","1","No"
"0x33f3ea5584dab8eb86d049883c639828b260649a","1","No"
"0x344d647d817e5e75ae415a5060399a230d9897fe","1","No"
"0x34f48acfa162fd6db69379ff908a94194f0643b2","1","No"
"0x355b64cdc1e50b2b8127353ede31f0a0a1054d96","1","No"
"0x355f93b6d39c72d2bf7e2dd6ebb08cc3c447574a","1","No"
"0x357ba65528bd1dfc1b245a6ca870b7a74df61273","1","No"
"0x35928e89a175c3c890b2ec40e5891e42ec8440d5","1","No"
"0x35b4497f54778ac337c8b464aa3c96f6af916af9","1","No"
"0x35cdd0cb1b194a4a04bb7b3f0822730ceaa2305a","1","No"
"0x35d393cd9463ae5a65b3c22e5587c23c2137c70c","1","No"
"0x366940ae5b85fb546dded6fa157276d8ea763cdd","1","No"
"0x36a5a446c78548bdd3eaa29b317db1d3c8fac60e","1","No"
"0x37587a2aefdaa7114eebede9318fdf5ba597c25d","1","No"
"0x38a5835cf9ff4cb42749fadf75833e0fad7a6835","1","No"
"0x38ffc1ba00005ba6d5294a364fb583df16d09f9b","1","No"
"0x3903bbfe3f58bc1bfa9c7f18f1a98fd666eedf41","1","No"
"0x39533eb4c191ea1f484a8ac2433eafcd3c85eb15","1","No"
"0x399b0cfab5974a9d302ce1b3663311271d244058","1","No"
"0x39ebf0c8af1ad760c8d42e53916eb8ca24a0678a","1","No"
"0x3a710972335c8b7043773a8e07d89b4cf50f39b0","1","No"
"0x3ab67a4494c95d0fd93e95dda461557aceea2f4e","1","No"
"0x3bb766ac41e009bac5325e883861829e540a037e","1","No"
"0x3c316e75a4a3ceedc5fa44669189fde55984b126","1","No"
"0x3cdf6c8fa5e62a9e3a56a6278cf91fa28e52f7f4","1","No"
"0x3ce3672ce315b8b21914b401049595a8354af9c3","1","No"
"0x3e31bda6f6f74a59e8a3b90836727b31e22af948","1","No"
"0x3ecbb44225acc91fdc39531cbdac56d0555ad436","1","No"
"0x3f6249c4d782aab00b5e9ab99e090035b80e0c15","1","No"
"0x3fe7fdc89384c972d6d83fb83f31d2bbc0d82394","1","No"
"0x4012aee6e0a7d14de32b73a3925faf285fb9f93a","1","No"
"0x405ebb8cf21f8f8263c58f56a7f70856fd5585a8","1","No"
"0x41490659ed6ef631cc0f7ae95ddea7f60881b5dc","1","No"
"0x417b88d6d15c2edb7264146dc53858aec018a60a","1","No"
"0x4259894cc8c4ba956950c39d938e72fa246c7d58","1","No"
"0x43c69a8d79d1073b077b39f117d28440894d23f4","1","No"
"0x44a09272b8a2d2c0ecbeb8ebbb632ea88cafeb5b","1","No"
"0x45b38f2ffeb4fc27c432a88724fa1bd5a6aaa120","1","No"
"0x47203d03c86ab21da29f0077c022179a96d773db","1","No"
"0x47ec6b2b692fde71172abea77df8097aa950f3e3","1","No"
"0x48a9a733d60588b436018e1a9040bc678d45ce95","1","No"
"0x4a2b2ec3a3426dd1e407e83e5555735045403d24","1","No"
"0x4a33cebc2d819a422e7217c5cae804792f41f9e8","1","No"
"0x4a65edd87d5fde0f2ef3a07f3f19f5c1113e2144","1","No"
"0x4a9d309cd1217d267631ed97d2e0b07240b527ed","1","No"
"0x4b850e08f2fb6f134e2cefc4a5ab1ee42c9bd4e2","1","No"
"0x4b91909484296dfdc302996708cacaec99fda7b8","1","No"
"0x4c0c060aa04b3918974a6b684c117dcad3b04643","1","No"
"0x4c231dd4a3d3cda2d8fe98c6c497c88078ee01e4","1","No"
"0x4d379ab43e8c0eca4b9f182619135a86815c2f2d","1","No"
"0x4db72a0a0a548ccbb77d021854e5311b9247083e","1","No"
"0x4db973b8d6b06025122ce81325ceb336eac66d78","1","No"
"0x4df3253e42c10c4363e06282a800ad0fc0c3caad","1","No"
"0x4f8a5f55ac8fa2a5e136975935b708fd9c1a41d8","1","No"
"0x4fb6972df3d31e8ede77bc5e0c577effcf28fb1e","1","No"
"0x5006762edb2ca2869a2ddbe0b9001bca132b26b5","1","No"
"0x50d1371a091d4180522521fc0e54b35979cdf9eb","1","No"
"0x5133601d7c9329e0f190851c5b94d5014d40036d","1","No"
"0x51df1b21f827d42f11efbb591e51c94a55bd3398","1","No"
"0x52a3c618d47a4ce8c95eb846eed47ef3ced4bf2f","1","No"
"0x52eaf342132696563bf4bda8171f586ab2679d5f","1","No"
"0x539d7d7c76c58db68307c00f5a915fff10c1db00","1","No"
"0x541865e19f0c7e29bc2547041f967429cb78c8e0","1","No"
"0x54434d5459385b05855101ea409e1371bbe1f0f7","1","No"
"0x5450c299ae56fb7331afa85a6c2430b06b4f9b8f","1","No"
"0x545fc20cfc51396f422df4f2f388896e5aafdb30","1","No"
"0x5481a85c04cc6dc05ede3ac473e553d58d77be45","1","No"
"0x5489cd0329ec89e54e849d1c44d90f556bc27c60","1","No"
"0x5511546beff467733a0e805409a2f076a230efc2","1","No"
"0x55215b8e731276eafcfc9a8bf7d325cdf9e1c0d7","1","No"
"0x5580942c7eea4ef2a85a19f565c9e345350db205","1","No"
"0x55c05c91a859493a8b3a1017269ca706e0feb344","1","No"
"0x55fbd3a20f1b975de9556897e07a2e018d229d97","1","No"
"0x569a32228571e75c1e8fd185c206608d119c57ed","1","No"
"0x5703b26fe5a7be820db1bf34c901a79da1a46ba4","1","No"
"0x57da35749ed924f6c319cbac023edc9d0b08414f","1","No"
"0x580dcf8de1fc60f24eb0a6132651a84107e18b28","1","No"
"0x5862c0bf5ecde44ac37165054bc283baf832fcc4","1","No"
"0x589806218b86324c3290d2980ede42dd02202002","1","No"
"0x58e74e94e836d36c27fdca268d2f0fbd4b76b24a","1","No"
"0x58e947480149f2af91fea10060f1afc87e063841","1","No"
"0x5936b0be20bc2f30356de2f5df6b1cd233b4d509","1","No"
"0x5942c98540d90db9c253502368149a499f4cc7df","1","No"
"0x5957bccf8e83df22ac3768121a1a5469331cba60","1","No"
"0x595b2a65cb64fe9ad199a7728159598c4572047d","1","No"
"0x5a431ca9365a1b3cfa5699a8deac12a943bd0ffb","1","No"
"0x5a61dd9a663a868144660f5fb7dc8db68f0500fb","1","No"
"0x5a84ff45a6400dd3c203317bb1a2ac6ce78c4d9f","1","No"
"0x5ac3e3ee219e8677b0773ea661555c04619fc9ae","1","No"
"0x5ae825cd0504a5e54bbabd044301216ee451e425","1","No"
"0x5aef41e402534dfd13ba584b2cbdeb9b8290256e","1","No"
"0x5b21fb2c519f5e42789be874b5ebc9734d0fa32b","1","No"
"0x5b8981049e075093a11ed30f66a3aceaa6583348","1","No"
"0x5b9a9ae7fe9cd54cb4c0de11a88db698798482f1","1","No"
"0x5bdba439e8695911120f25e37d21483cacf0bb80","1","No"
"0x5bf950d9af471651027c2264ec90316b7ab61495","1","No"
"0x5c051c0ff69b6f5fdd47e847eb370dd48726ec4d","1","No"
"0x5c218dddac3e31b2c10db01506742624eba47439","1","No"
"0x5c9fc30e17cd4c03c40995e879073aeb7e0e01e5","1","No"
"0x5d0cedb3c1a3f049d0466f4453ae578041d5478c","1","No"
"0x5d18b05a850f040b35c7318223143f52f7e1d363","1","No"
"0x5d6da076e82260ac6e7454fac40f6b37577d4bbf","1","No"
"0x5d77afaa949426db72efcae327ce35bfc05dd965","1","No"
"0x5d870fdf749bab2b4274375ae842dac76a4338ec","1","No"
"0x5dade3533ec6789f5dcd3190323f40b3f4bb6dc6","1","No"
"0x5e85c03ad8b2c86018d0eddfaebdd55efdcffb0d","1","No"
"0x5eab4af9be5e3ebcb40c0b08a805c182c5cccec2","1","No"
"0x5ec14c088508ce9bbf9b998338e265f858755d21","1","No"
"0x5f0d109a9d7f6056d14aa28a0ed6a09de8704955","1","No"
"0x5f2e5ac71aac409140af64e7c271907c6551a76f","1","No"
"0x5f608b435eff6e785bc1bafd0a2d3f76d2fdbf54","1","No"
"0x5f6915a1ec9b2f0f8eaf1fb363c69849c1250060","1","No"
"0x5f6b0c2db7b1c3633bf9b629966639b6643db00d","1","No"
"0x5ff7e99e9868c66e4f822d748ae31dae6a970b9c","1","No"
"0x5ffe40b0ba90d9d9c6632bd6f08f9bbfb1eb17cd","1","No"
"0x603dd578cc592eb8a4d2a942a707fe6ed2d1dfb1","1","No"
"0x60801edd0fd3f9844f28f6587757df30f12c3d9d","1","No"
"0x609672a57b2921086f0283944e88cc368030c726","1","No"
"0x60cc65f195a70f489ee40ff53a08fc9d9056feed","1","No"
"0x60dd73fb611e88f8d2f24abfd096e005e6bbc198","1","No"
"0x616a47e3a6581d94a366f0b20c1a6cec03d42a2b","1","No"
"0x61a61bed55aa51427b8631aa167d374365e13353","1","No"
"0x61ad20a65c3c25a12bde8051199f54c4f0a0f144","1","No"
"0x624ac37dc2627454024b00f12d2538d6b837eef6","1","No"
"0x624e6973928aa3a64658bf8d47fcbaaa8810592a","1","No"
"0x626178bedf7aac1fa3068df0b64c1b9cc9c00952","1","No"
"0x627cc8b14d26fb6f8a8f9df9b29caaec8496b749","1","No"
"0x630d5ff3be3c9e889a6eaff52899b48d4e73dd8a","1","No"
"0x631224fe338495467b5650ada22c2a07985451bc","1","No"
"0x63a8d63e836131aa9aa99fbf321317d65c425320","1","No"
"0x64431762fa2b5b7e9f9c4daa5b18d1a8a25f89dc","1","No"
"0x64aca226b4f1d070a67a93dd0a49829eeb22b432","1","No"
"0x652bb8cebb83e49cb9df8d17f6a3d45c7049ef5f","1","No"
"0x65935eeca6a9a5c9d5f3df0bd8341960b2516a5e","1","No"
"0x660184d95d7b9b9f9d37f3ca4e4f41bdb9cc994a","1","No"
"0x66097b9c8cc9e380dbc89973eedcec16db40b47f","1","No"
"0x666cb86ded406234d940f01bdad2d27e313247c5","1","No"
"0x67683a6e90947fb4059dd372ace2c79d946f420c","1","No"
"0x685f2885fca8158f1390f0629d1e32e7675f19b0","1","No"
"0x68a36095b67717990e1bb494f3288d9d29e9e8d6","1","No"
"0x6974e95380b66bfa2728c2109332c4ee30af1b79","1","No"
"0x6984620cd653c91ab8cdcb3da535990ebbafddb9","1","No"
"0x69c1f3471ac09760077d71a3a60125a678b507d2","1","No"
"0x6a4a52bdb562d58a8d83206e303c03811a93b90a","1","No"
"0x6a780c771281322c8e0bbab55b935c1bb70f66ec","1","No"
"0x6ab6d349d133b953b422de500aacfe87ac1d1291","1","No"
"0x6b1a3a411215ef89dec19a62513a3451bf1b5457","1","No"
"0x6b7aa5d572fbcb67252165def631305e00c49f7b","1","No"
"0x6bd21d0a39bf86655a4cfa9e2909f4d6c63b9126","1","No"
"0x6bdcea88da2d7522f676a791159233d9e5386bb3","1","No"
"0x6c7a0f79ea3babfa3716f5b4703b8c10d065eef5","1","No"
"0x6cbf5c6e3d1ffc447807c1b2bd4c8eab39f00ace","1","No"
"0x6d9a6049752a638beaa1733f5b3e6daada862bb4","1","No"
"0x6e8a450aa6dd77cc904861cad539ea8406e0ac5e","1","No"
"0x6e9edb7154bd2e69acc59b9418672b1eb8b05128","1","No"
"0x6f844a26d63b35ab0c634912a03c609149df61ab","1","No"
"0x6f8748a05341d6aeec08ac641af48f4d35cea173","1","No"
"0x6fdd40d3176a51894387dc996e6de34a40a0545a","1","No"
"0x715709200d3e6e3f39ffd900850a14de05beca2d","1","No"
"0x71ea10b1db141fd467de8c03954d417c25812e98","1","No"
"0x7205062a0d8c020a7c1f870fc9e15e72aa8e6923","1","No"
"0x7222c5f72ae7fe85c2c16ff076e38dd96714839e","1","No"
"0x72f72d11d2cb465e4f380a84a22d97d764d18ac7","1","No"
"0x732e3f711c6b67ab1e7d2fc35ce46f51f97e0bdb","1","No"
"0x736c9a7ffca3559e7fdc616a5789992968f24d3c","1","No"
"0x7453606f794e451a8927c97c3d2e031c7bac0250","1","No"
"0x74b35fb48e491ae02460e9ccf1dbe82fad6f9d5b","1","No"
"0x7505db12dd07e7546bac47cd2b85ce5c2a2fceb4","1","No"
"0x75176f8f8c27935e1521b05adad0ba69bbbd1f95","1","No"
"0x75462a1041ef175754317c2a03cf12a351e63bc6","1","No"
"0x75c4d7544dc881596e3679345a7e915f62171dea","1","No"
"0x7696ec0e7924ac4b40f6893a68c0f26b88ca7b58","1","No"
"0x769cbc21757fe7466b37965bcb0f6dbe59797551","1","No"
"0x774f04d77d74ea534f4e36a57de0ae4552e268b7","1","No"
"0x7758b2c138665ee64cfc4ba28e86fd2d8eef1967","1","No"
"0x777a083b510023f37417209b8f9d8e23fd4a3ba3","1","No"
"0x779a8d4dd41a0f07857074fa83cb7ff8a1af2b5f","1","No"
"0x785eadecd637c932768449700c2f2eb874756e66","1","No"
"0x789d824cdaea0100b0a6dfdba01951f151d1ed14","1","No"
"0x7916469ee71a0078fc86ed2bf18ecad4e8009e29","1","No"
"0x791d430edf8125da721d8ee9bcb3b7a47cf553a6","1","No"
"0x79b845e895105e8a668a1b80932e6f7863edd236","1","No"
"0x79f43558ae8d8647e2dcc84d140b38b9b7eb550f","1","No"
"0x7a4a1a694658e5af3b659ae7881ebd8119cb624e","1","No"
"0x7aa2f1a0118d80acf7b71d010a09a5e2f24ae5fc","1","No"
"0x7b116f2e8ad534da548251347fc2b96649bc4675","1","No"
"0x7b1b868ef6f0da182ceac29c288373f98fdef40d","1","No"
"0x7b560340014160461e500c76a775650be067c1ac","1","No"
"0x7c3c36c496a173e933709c7d882cd1e84b7baaf0","1","No"
"0x7c92f6e7aa3987d518865fe0ea91bb67eb57d789","1","No"
"0x7d0926b33ecaecd95be2c6616d95683b8e9c5bd4","1","No"
"0x7d888401df86ef4cbda5a6522700004bc3d3d494","1","No"
"0x7e226b4a2c14279152917032451bd4850b365f2e","1","No"
"0x7e3d45639ae8f43c962463e8fa229f6dce728218","1","No"
"0x7e76be39fd9badcbf75fb1af09a129e83c10271b","1","No"
"0x7edfc48fc2469caef1fab0ba311c4840f23fa947","1","No"
"0x7f7a949fccbd2c43bf8a63cd3dad70ea2361eebd","1","No"
"0x8019b7bec5d9a38eb36104ebe0380f6f344a3723","1","No"
"0x80b13c049a0f807f016d86d00977d6fad020f5b2","1","No"
"0x80e75ed9062779560831c7808067bc0c673b17a5","1","No"
"0x80ead07805b746cd3c8aef2d51b48d122ce95cfc","1","No"
"0x810d30b20dbbe59a24a6bec0a511d8ec4e802d35","1","No"
"0x8111a6d67121392b1338a77d1a90281e7845cf6d","1","No"
"0x82ea13471525dd50d87abb33a53f80d6c82636b7","1","No"
"0x831bd61e37e7407f9ff0968a7145bd918a1010b1","1","No"
"0x83f1da84cff2dfa46e0b485268fd2c1d75fb0f8f","1","No"
"0x844be1df8f724e08b6e4cd4b82cd5f0367ebafe8","1","No"
"0x845513a31f68b3ec2bc5699933eeb20f148a0f90","1","No"
"0x845bf3045de9ad77994f45d3c83c79530b990512","1","No"
"0x8480ec7581d80f613a3b3ea75d7617d440e325cc","1","No"
"0x84d407a154439fcc8d2d59c6a47cacb22f799b23","1","No"
"0x85b18f997a63ab55b19fc5cce519c6ebbee6438d","1","No"
"0x85ddeb10121918d102f497b7054f9adf37dba029","1","No"
"0x85e589f4eb10f19b9679d00541911aa44486012b","1","No"
"0x864ea24856b3614b2a8aa4045f6bc940d34b2e92","1","No"
"0x865f7ae0c4f346abc9d6e8416becee0f3040995f","1","No"
"0x8666b7f3a374ebecdbe35bee4955d7d5ae96752a","1","No"
"0x879641c25a1b4b6e0350e5a7244e7a0df3cd0fad","1","No"
"0x87a755b75abb920d2c28fa10eab613580db07ca3","1","No"
"0x894b6279e2af8c1b4cf7fe6ef3aa7fd555f7fb8c","1","No"
"0x8a04de446d1bbfa3f8f6c41442aa62c719157ef8","1","No"
"0x8aa60881dde54833fd2e2186ee7a9661440c16a1","1","No"
"0x8afd11e8a0a2d789c27de162231439dd8b9ff2f2","1","No"
"0x8c1b0582aad45bf8bdb23be3959f9dc6e9cd812d","1","No"
"0x8c657e8c292b50b6f658d5fda8e902a985be1d59","1","No"
"0x8c824e8a122699bdd10ca2062a5a9cb524b37fbd","1","No"
"0x8dbdc694c279f8360aa2effa5e9418cea07ef46e","1","No"
"0x8e1638ae397a96d18220253604760e8068897268","1","No"
"0x8ef15db8c3e96981ad6a1d7b3d7aa3c6095800d3","1","No"
"0x9076d31f81512e040cc07cfe2031cf251236a741","1","No"
"0x908baee02db29cfc4ce3fef6e84089347e6cf05f","1","No"
"0x90d09c5e8d74d96994377486c3627f395eeafb75","1","No"
"0x91dc7216fd752f80df7c377afcbe243eb647ff5f","1","No"
"0x924848540dfd66297103865e0f7c1f7dbd3472c6","1","No"
"0x92d772d5838566791a78a59876c0de6227949047","1","No"
"0x937e7bbea20231925721f5276975e4bb5b5b9882","1","No"
"0x93be1ce97a4bea7ebc44396c6d5b9ea65480c916","1","No"
"0x957143815f0e1d1b1a31b2bfcded5b416ee675ed","1","No"
"0x9577c223623788b11283f8079848d14fb573b10b","1","No"
"0x9653413669b2a5915562932ec3cab3cfd680e9f0","1","No"
"0x96b84fd4f3aab6554d959e362c319c0ec63e176c","1","No"
"0x96d9cb9851e711085566f79cc79b69ca2743eae4","1","No"
"0x976bed897a0c815285bb6a2e28738742407bf77c","1","No"
"0x9787841875ef79b1a467689e67a7037ef72b85d6","1","No"
"0x97ccb2db265fa5eba774cb609a4f7a625c286856","1","No"
"0x97efa1b43e2777becd1d05960ff6f938fa574e36","1","No"
"0x98189b35a3a8b736ec9a12da5767b9d1f58ed886","1","No"
"0x9833fc85da2ed191d7e10f7812c0cb7f3dee0457","1","No"
"0x98ac733b261130ed47b87e157253e561437d25b9","1","No"
"0x98d3a28292be8700b5d222d4f4095d399ef3cf55","1","No"
"0x99027fdeedc3a9d9e88f8d95175ca33987daa841","1","No"
"0x9932a527cd97ca9e13023a80d5bd783480cfa490","1","No"
"0x995b850f73f063b0e173f917080650b5b991963c","1","No"
"0x9a44545bb643746b9575f3c55d39b35da0320e8e","1","No"
"0x9a4fecebdd9400cf288fe7f8852d979548b5f7a3","1","No"
"0x9a758636426b3036671f2607faebdc89881bab72","1","No"
"0x9acfdd5cb048bdf57a219f3d9dcff2dc101ec31f","1","No"
"0x9ad5f1545c1e25d3045c5f991fe40ef3d0ed069f","1","No"
"0x9af4d5afea7c9f0c2f0a36b702d2a1da75355797","1","No"
"0x9b945a1eb0f09011a6ae6b2ae14c680547abe494","1","No"
"0x9bc22e80c23fcf7cb6d06f002b1959cb49034733","1","No"
"0x9c49d4a97161a56bd10f1d87d7cc801a6c6aa124","1","No"
"0x9c4a8c8421cd487b8fcd6fc3fd74cd30222fd99b","1","No"
"0x9c7e14ec135935fa51506d3e707da925f4d5e6d5","1","No"
"0x9d17e09c8d19b47af11e1641697be52f1bd5198f","1","No"
"0x9dda5aa6ab79136312b369e8a6a0a7980774d15a","1","No"
"0x9e1c204a8dee8b17bb10f1a8f1c58e48bdb0d284","1","No"
"0x9ee97800bf8b0fade63fc22dde0097cfba154e7e","1","No"
"0xa01951f21fa38e2b9e84893f2bffc9e92e48482e","1","No"
"0xa07d39c6f862e6c63f4cf3ec5a02931992e165b1","1","No"
"0xa12d957c3ed4a0276b9cded74225bcd64c41712d","1","No"
"0xa193e1d4b7d83bd6c4a795b48b22227baffff2e8","1","No"
"0xa1d339bbd5d47f56c71ef5030c01407b0f51c609","1","No"
"0xa24014be9bbbefc18cfa930e93c73043124bf68f","1","No"
"0xa36619f44b33ddc76189a5a1005933635cf943cb","1","No"
"0xa4890d0c018078f3f60824e9a487adb25deec435","1","No"
"0xa4ff87e8a84d143f5689b4845a00eb2d9492703f","1","No"
"0xa53cc0e123e71a143762b352733175cb02e9dc52","1","No"
"0xa59ae8ed8f70c5e5dcf62096e74f36b19e06c3d9","1","No"
"0xa5fb963d04eeb2634944fbb2ed5ee7d5099ea4d8","1","No"
"0xa64cca30b8d439b441196e7a9c2fc66f19d45524","1","No"
"0xa69b771658b39d1d7079a7c9131ba21ca8a9d3b4","1","No"
"0xa75a9adde2c66879970eb98c02cc1ed0af01533f","1","No"
"0xa7b54e0cc6b61a504ec9d91f85514fae5d3c052a","1","No"
"0xa8614ce7a6fcecdee923a9634b53e2035c66eb40","1","No"
"0xa8644d3d37e5b9ba50038f652eebee3b7108d554","1","No"
"0xa88ff6bfb02e175fb8b69a790c91eea527eb19b5","1","No"
"0xa9572430b0cb9d85d10ba997fcbceba70fba4ef1","1","No"
"0xaa4dd68dc9d319717e6eb8b3d08eabf6677cafdb","1","No"
"0xabd892dd47d1497fa76b77413ee3c56890bd00cc","1","No"
"0xabfdc992fce8cc151b9d133e532ed4b2454625dc","1","No"
"0xac449d7f026528e79275dbcf4517803e75a40c2e","1","No"
"0xac74491480c6bb30c26627c6cbae8a2b5952da54","1","No"
"0xac850b9ee0817a061b79d5e63f94cb9ed5250cac","1","No"
"0xac9da348e70b6f5e2d4c51fa284e5f7a024aba97","1","No"
"0xace4de673786efd930d2bdbe169e72f3e326f719","1","No"
"0xadca237d3d8e459b27918f76210b71e492d3d052","1","No"
"0xadf31546eefc2664337dcd16c1c607fa6a52a57e","1","No"
"0xae079a96cc7dd7c19980cc417098ce9810f47f44","1","No"
"0xaea31abfadfb9c8b885c54e751c0d99cb0662137","1","No"
"0xaea97b44be7c478f41a3de54f87e5ae2d6fbd2d6","1","No"
"0xaece35fb29ce6bf63a753e0682363c77976c668b","1","No"
"0xaf789851729129fad0d959db8a211e8c8351b5ff","1","No"
"0xaff96d9b73734626e8fd3611a671871d7f019f86","1","No"
"0xb017696fa0959879e714b86563aa1225890686c9","1","No"
"0xb065d2e9b93afc05cd2b383e4951b3d788edcbf1","1","No"
"0xb2285bc9703b4b20a13d9960ad93e10cff9c3e4c","1","No"
"0xb321f62a6c4540e0a743d0ba370d4d8c3d68703c","1","No"
"0xb43de29a7087fdaf9143e72b2ab093f935057b08","1","No"
"0xb45df0ac606d0ba2a7a66a4fb05f02308ad996a1","1","No"
"0xb47a6c595380fd302db55effca4fc3ef626afcee","1","No"
"0xb49956d5009b724fcb66c8feaf1b523164f1145e","1","No"
"0xb4d48c08fbf26a6a36048f1be398fa9bcd66a6e0","1","No"
"0xb50d3290e189333648c43d25e21c0c979a081bfe","1","No"
"0xb5ef6358a4d4b081532f2abdb0f72a4578e89793","1","No"
"0xb609f3b383fff951a4f2a673dfcd2f437c4329d7","1","No"
"0xb64ee4fd9eb8d4c2b0c7d54b41ce21e5e9267e7f","1","No"
"0xb6b3e0441242e3a538f9e7d352b1b55c45cce9b4","1","No"
"0xb83eb6a2785323e1b08dd60bb7482d7deb9ea673","1","No"
"0xb889e5d73dcc4a46d6f52703428b01140dadebeb","1","No"
"0xb946273f6a51472a4ece6cbe80cda30fbfb9c72c","1","No"
"0xb9a887cd4673f1e25fa6c32aa0bd74cfe78e2a82","1","No"
"0xb9d439f50e53b20778b131cada0527ba3d1bd194","1","No"
"0xb9e9ffc0392494069c14903d28adfad69316724e","1","No"
"0xba2b4240ac736382b3549cffe317ef6868b5cff1","1","No"
"0xba8954197c672efed3c2e3589533ad40d3e36c69","1","No"
"0xbacb4db3dcc49c9493163ef9eb3e7fb0254a0d00","1","No"
"0xbacd554f82690b080d9ed06f6774321bd7f38e84","1","No"
"0xbaf7c5e84b844fb3cca9de566159cbc1def6c406","1","No"
"0xbb1d3dfc715183c7843ac66519dbadc5bebfdccf","1","No"
"0xbb9acf63fa0e359ac9259fd46099196377569598","1","No"
"0xbbf71e04b346c0a31ea0b38984bc080c98b8e1f1","1","No"
"0xbbf7d8e3b845918024db9e95a050f3dfa2a24db1","1","No"
"0xbc039627c18933b8e95ad95a1f620c9b9f135174","1","No"
"0xbc434b6f4c9377bf6aaf496078221c5188648181","1","No"
"0xbce4152c5644dca73ef7d00b6925ae829233dc72","1","No"
"0xbe0ad4b82ea950e38221473e96df3d457ffd4ec6","1","No"
"0xbe4a67a7da7cb2640b1aa8ba6c5056095b3cda98","1","No"
"0xbe66ddbb8eef8d791f4d13882ee7c5eb07a9c75d","1","No"
"0xbe721440e3c8f504ad6fdf08d7bff54fc611bbe9","1","No"
"0xbe936d42c17aeb75901b944e73d0fda25cfcd50e","1","No"
"0xbf4f21cafeedfe46efa4579c212bf69945fef709","1","No"
"0xc039971ddfb428099fc77c4d44f47340ea5ff645","1","No"
"0xc091bebbb1e9d4cf9bb5af3ddba82cb42db8fd71","1","No"
"0xc0de28cdb6b489895cb400e2cf7f642a51b2a21b","1","No"
"0xc103cd148aa600f6b6902210121731be01a96e6b","1","No"
"0xc1316fd52b52c2994c6e3b4d096cde6085d167fc","1","No"
"0xc1aa83241114305f548ffcd558c4f7af7f15761e","1","No"
"0xc1f11ef44d825eb9965ab1b38992ed2898b62dd0","1","No"
"0xc1f2a505e95cda64a35ed70bbb3769d080b4027f","1","No"
"0xc259036877d287e64ed5854777c5151bebcd39a8","1","No"
"0xc2c9cc7e594cf2b70c5669d9f9cc551dab2a5f9a","1","No"
"0xc2f3d979df6c3e8d14772f01f22ea23c128661b0","1","No"
"0xc3ab47a2ff75023662b2dae56b50bbab1252a8bc","1","No"
"0xc3d3e3da141ecce9cb2098a7d44355b9f0b26ea7","1","No"
"0xc3de99ab7cce920aac7835e5916d12ac61c5ca07","1","No"
"0xc428e949e5ddd7977614a40820f624d3d50d4d1a","1","No"
"0xc566f972059d2b5625febba968536e73ae6ab637","1","No"
"0xc579cf5b12010db23735105016573cda46b64cc6","1","No"
"0xc586c9b62ba85878f6cde6a29f8eb2856f954aa1","1","No"
"0xc644345836590e0e75eba5da0378b5db6570e0bd","1","No"
"0xc65c408a460d3a8cd0d9e47bacf2cc6b0224d152","1","No"
"0xc76dd9b011cba55440230dbf95f6972ae7ec0d1f","1","No"
"0xc94eee312db493bce5d4d1f4000133a980c2ef52","1","No"
"0xca60b3fb93ccfb98d0b23287092770aca2d30560","1","No"
"0xcc2b281c1e606954b0482d9bee07f7d1706b596f","1","No"
"0xcc8996c96ed1f97121c600f0844b33cdffbda4e6","1","No"
"0xcd1b02dc03f64c35486c488a0d0edadf1dfdae1f","1","No"
"0xcd6c27b8b5b468fe2f630a9e923f90b2068e0219","1","No"
"0xcd9907a3c50ceb2e1cc528684837adb97cad5f0e","1","No"
"0xce6cf7405dc8aaba05b95e6be909f762be53aa17","1","No"
"0xcec82ddc4e2309020f701f518b1e9d2944d9304a","1","No"
"0xcf158fac317e13c6a3e112d0e9f719004374d4ee","1","No"
"0xcf1adbef62c57104324d20f11197e420e81e6ac7","1","No"
"0xcfb831d1890386996cf745634424deeb281ba60f","1","No"
"0xcfdcc288338af8321bf3f5dc787e72e9f06276ee","1","No"
"0xcff9a63631a775ae5b1f460cc3a95941c354b52e","1","No"
"0xd034f20dae4c89bc493bd08b626f400fca02b4a2","1","No"
"0xd165781a7cce95e89a18a22803ba5f2517b19985","1","No"
"0xd17709045f45ff961499d5f8b95422e405abbda3","1","No"
"0xd1a988b1b361ae8d6fcbe51c2b4b0b48b8146196","1","No"
"0xd1d9d02efdb5360fd562a0f3d305cf18121ccfa7","1","No"
"0xd1ed619d8838e6194fb3a16d8e5b620da4f31fbf","1","No"
"0xd27a04545e8ec1984ee62952fff11ac6a7adbfdf","1","No"
"0xd2d1bb6e01a566a5d85920f3a5d774ef573dee44","1","No"
"0xd2d5f761f48d3ef39c2e70295979c4957cbeb1ee","1","No"
"0xd37cc6ff155f9cf10c9a5e5576df7a138103f77f","1","No"
"0xd476fbd7c8a4c1148aa6fc17874de4f84dc07034","1","No"
"0xd47b7199dc6000c37067218b5680bc9dc584b7cc","1","No"
"0xd4b45fd5b4ee16364a4f2dca3837c5f1fccacfaa","1","No"
"0xd4ecaf11941bec14d5ebd7dfb2bc0461fd6c7ded","1","No"
"0xd68c9023960bbbf1c5b9ba85babde0080a1e1adb","1","No"
"0xd843ca932a8fd8d8ff941680be2a1694016c4e39","1","No"
"0xd918e50d3cfe32fcf8f1443e99181ae3e8bfc780","1","No"
"0xd9432657f206da536d65b227d5131524871c9668","1","No"
"0xd997e8b8d6ae70840d042ce4b3142b16caa5ff1e","1","No"
"0xda8efb8a0f993ce85d4dc53e8d98bb83f87a8e71","1","No"
"0xdb3c6f60ae2560001840511d3261c6278ab17369","1","No"
"0xdbeb3b39ae9c630e4a31094418235066ce96edb7","1","No"
"0xdc6c2edc3dff7cf104bc85d6188ce80483726eec","1","No"
"0xdca2210eae0ced2be4fe20daf176ef99b25b49ef","1","No"
"0xdcea8de93926405a9dcd7f5dd713567e554626ea","1","No"
"0xdd67447a9ce0a5147ce1dab8b6abf0dcd5270afb","1","No"
"0xde122a2c27635c0f8c1527f5df30759c895d33fb","1","No"
"0xde400dd0a06337d893341118a742d980af00c4cb","1","No"
"0xdecf4b112d4120b6998e5020a6b4819e490f7db6","1","No"
"0xdf779c6d82fdd6fb529e73e993e119e3c8d1f8cf","1","No"
"0xdf81ba22092c9e87be2be20059e9b2ed349ce17f","1","No"
"0xe17a802f39f9c7bca6fc93bc5d84f096a2e40138","1","No"
"0xe1a4d7b489b2d0f634be8a3be3bb06e27fcea89a","1","No"
"0xe1ecf8ef96a4a01e1cb713321564530dc3165a8c","1","No"
"0xe206c882acdd0503336d4bb62429a957ab6963a8","1","No"
"0xe234b1503613d9a4a5de318e91c7c45591fb02f3","1","No"
"0xe27a311ab12df25e2885e7bf51cd494a6488b380","1","No"
"0xe302603a2e9b1a2306537fdafcd967be98af9f5d","1","No"
"0xe3b658a6fd0400062b8808d3c042079243de5243","1","No"
"0xe3b72489968f11c15282514f33df24634440393f","1","No"
"0xe567d8c85058d700ea2e98dc20f7feb7ed5cbc26","1","No"
"0xe5e66d63f994d69a331fa5c62ab6b5aef14d4e5b","1","No"
"0xe65ef515adc3fd724c326adf8212b4284fd10137","1","No"
"0xe6da94f2e6e476d5aa802494d1420627295d1299","1","No"
"0xe6e51071f6cddb6419f81ef4e87b2c87fc251cc0","1","No"
"0xe74d3455244f749979c98b2bc5345610001b0eb3","1","No"
"0xe760d021077cd78bef46a5df4d3407dad0ad364a","1","No"
"0xe7a600d7a5f0fa20ca4406acbe172fd8b2abed62","1","No"
"0xe7bf8ab148d00d766cd3df06bc8c44bc50cf66eb","1","No"
"0xe7c32b77778f28a561b6a6d0f5f8bdd28178e1b2","1","No"
"0xe8ea4886fc6b793ee89ab956bd3bb7cdbdac8c94","1","No"
"0xe8fdd708f8ee2e57073537b0798419bb0a632ff6","1","No"
"0xea11ed6f0dfc3c4c448c9f8339315066af05a696","1","No"
"0xeaaa0b16b36ba68bab73e270b4e307e76e733bbd","1","No"
"0xead21833a7c137d525e127916832a529c41dfebb","1","No"
"0xeb09bb362247d83a95762e39c129d80ec32dd94c","1","No"
"0xec1eb7efc5b675b5d997b85c77a690f36288af62","1","No"
"0xec550c80e7567b1def9387df650243719df2d863","1","No"
"0xec7f66cd42286a5fc48e5b719035fee75181103d","1","No"
"0xec8287faef6cd7fc9887be6e40d6abc0ccb29d2f","1","No"
"0xecb8fc34f2434548a402fdad7cb93cbb0cc9ecbc","1","No"
"0xed058c76e19927391ead2f556b82e402faeac154","1","No"
"0xed3828e133cc61e5d62082a5dd503c27eadaf43c","1","No"
"0xedacc663c23ba31398550e17b1ccf47cd9da1888","1","No"
"0xedc556a9e4cced2804b62bb6752f04abee2bdd8b","1","No"
"0xedd24a124e1afbdf13e9e9dd8ccfd867488b804a","1","No"
"0xedd7258acfb1d3927fd5c77bf98d6194ad581183","1","No"
"0xee1f89545b8ee9a8d15c891eb6eee00c92ac249d","1","No"
"0xee355f5a154fe3d3727999520963a3276bf9a2b3","1","No"
"0xee35a7069c41a38aa1b90c155c4a5c36d2f4e162","1","No"
"0xee5468a14e8f655fb6e0297c46c8b968b45d377a","1","No"
"0xee5dc5d672d9c902b0b360315ff0e1a729f52a41","1","No"
"0xf00f2dc1dbc20d4b8c79a10fed0d4a83ed795881","1","No"
"0xf0517735ecc8abb7320950a43d9d15c07b690ae0","1","No"
"0xf0d32e9c491dc9256ab11b7e28501e154c4feefe","1","No"
"0xf17ba4419904600bb436fb5c905705bf48f25f6f","1","No"
"0xf1ea9b0a22ac3494cb74bbc1bb985cf3f091992b","1","No"
"0xf21d2a87d4c76247c8e9d593f8f71b1587f00fe1","1","No"
"0xf2611551f0dc1e584ffa4e5517ba8a45afb887bf","1","No"
"0xf30d0bef7dece028a98e7a1289f17546190d3104","1","No"
"0xf310618c1fab4727aa9707e186d5abde05032a7a","1","No"
"0xf32d3f38327d0836b456abfbb8ad2ee0543dea35","1","No"
"0xf3a7cc25b1961ecb6fbf76c62beff997431f49c6","1","No"
"0xf460b475db46c89afff56d081f5fa80547de9204","1","No"
"0xf4c95f88f06ee06d29ddce1e0aea779cfaac1cf2","1","No"
"0xf59321a7595753f3983f45d83156ec0ffd4ac1b9","1","No"
"0xf5dcd6850fe101b504a6568cb18897c9650495bd","1","No"
"0xf67dd2fe0a9c4357159f6164012a1b4464b4d630","1","No"
"0xf696f248ece1ae3d8a83eaaca9027e257551eaba","1","No"
"0xf77fbc1277438903edcbf8b5eee3b7a8bd1c1abc","1","No"
"0xf7f4b363212c8abe9f358b3492c2749edaa24235","1","No"
"0xf920e53786fcf31430256d0d5b16f9c2d8b56c9e","1","No"
"0xf9929d2e2d6ac591d48fae0c0e0e33ce40864b27","1","No"
"0xfa18169daed479e877a5e2033f754c94c42c5f03","1","No"
"0xfa336c62d378a82bfc150da3d87cb6600f177429","1","No"
"0xfa4839d8ed81be90be7bcd53b33f5f7d4c219f5f","1","No"
"0xfa544cd34b00f4f67cb18bd572d9b002d09981de","1","No"
"0xfa74b81c9116d179c279b6c255b8dcf4d8caf036","1","No"
"0xfa958f63756a1934f0f9ae358a77caf0c87ee738","1","No"
"0xfb25568dd38c341f3c4108ed2ce1499283b49c9e","1","No"
"0xfb3f0f4c23a5bc2d237eac3c0d1442f750b0696d","1","No"
"0xfba30c4a12ea4503919d09d533bcc1f3b211c404","1","No"
"0xfbf6aec6d687d313e1ff1187f53580dfffa4cb55","1","No"
"0xfc35978885943eaa546c4b24a0c5b985175d8ae7","1","No"
"0xfc3780bdaeb4c6188449fd767afd0da9554018d4","1","No"
"0xfe2cd171379139bc0d895da75464aef8460b3400","1","No"
